IfcGlobalId,IfcClass,Storey,BoqSec,BoqItemRef,Role,Basis,Confidence
01SfNHv5nEReC9M9Bzo7D_,IFCWALL,01 - Entry Level,2,2.05,Concrete,"Structural wall concrete, priced per m3 of wall.",0.9
01SfNHv5nEReC9M9Bzo7D_,IFCWALL,01 - Entry Level,2,2.10,Formwork,Wall formwork is implied by the wall it forms.,0.9
01SfNHv5nEReC9M9Bzo7Oy,IFCWALL,01 - Entry Level,2,2.05,Concrete,"Structural wall concrete, priced per m3 of wall.",0.9
01SfNHv5nEReC9M9Bzo7Oy,IFCWALL,01 - Entry Level,2,2.10,Formwork,Wall formwork is implied by the wall it forms.,0.9
01SfNHv5nEReC9M9Bzo7PL,IFCWALL,01 - Entry Level,2,2.05,Concrete,"Structural wall concrete, priced per m3 of wall.",0.9
01SfNHv5nEReC9M9Bzo7PL,IFCWALL,01 - Entry Level,2,2.10,Formwork,Wall formwork is implied by the wall it forms.,0.9
01SfNHv5nEReC9M9Bzo7RE,IFCWALL,01 - Entry Level,2,2.05,Concrete,"Structural wall concrete, priced per m3 of wall.",0.9
01SfNHv5nEReC9M9Bzo7RE,IFCWALL,01 - Entry Level,2,2.10,Formwork,Wall formwork is implied by the wall it forms.,0.9
01U2Ox69TF78CjGAzXHA$$,IFCSLAB,01 - Entry Level,2,2.06,Concrete,"Suspended slab concrete, priced per m3 of slab.",0.9
01U2Ox69TF78CjGAzXHA$$,IFCSLAB,01 - Entry Level,2,2.11,Formwork,Slab soffit formwork is implied by the slab it forms.,0.9
01U2Ox69TF78CjGAzXHA$0,IFCSLAB,01 - Entry Level,2,2.06,Concrete,"Suspended slab concrete, priced per m3 of slab.",0.9
01U2Ox69TF78CjGAzXHA$0,IFCSLAB,01 - Entry Level,2,2.11,Formwork,Slab soffit formwork is implied by the slab it forms.,0.9
01U2Ox69TF78CjGAzXHA$S,IFCSLAB,01 - Entry Level,2,2.06,Concrete,"Suspended slab concrete, priced per m3 of slab.",0.9
01U2Ox69TF78CjGAzXHA$S,IFCSLAB,01 - Entry Level,2,2.11,Formwork,Slab soffit formwork is implied by the slab it forms.,0.9
01U2Ox69TF78CjGAzXHA$T,IFCSLAB,01 - Entry Level,2,2.06,Concrete,"Suspended slab concrete, priced per m3 of slab.",0.9
01U2Ox69TF78CjGAzXHA$T,IFCSLAB,01 - Entry Level,2,2.11,Formwork,Slab soffit formwork is implied by the slab it forms.,0.9
01U2Ox69TF78CjGAzXHA$U,IFCSLAB,01 - Entry Level,2,2.06,Concrete,"Suspended slab concrete, priced per m3 of slab.",0.9
01U2Ox69TF78CjGAzXHA$U,IFCSLAB,01 - Entry Level,2,2.11,Formwork,Slab soffit formwork is implied by the slab it forms.,0.9
01U2Ox69TF78CjGAzXHA$V,IFCSLAB,01 - Entry Level,2,2.06,Concrete,"Suspended slab concrete, priced per m3 of slab.",0.9
01U2Ox69TF78CjGAzXHA$V,IFCSLAB,01 - Entry Level,2,2.11,Formwork,Slab soffit formwork is implied by the slab it forms.,0.9
01U2Ox69TF78CjGAzXHA$u,IFCSLAB,01 - Entry Level,2,2.06,Concrete,"Suspended slab concrete, priced per m3 of slab.",0.9
01U2Ox69TF78CjGAzXHA$u,IFCSLAB,01 - Entry Level,2,2.11,Formwork,Slab soffit formwork is implied by the slab it forms.,0.9
01U2Ox69TF78CjGAzXHA$w,IFCSLAB,01 - Entry Level,2,2.06,Concrete,"Suspended slab concrete, priced per m3 of slab.",0.9
01U2Ox69TF78CjGAzXHA$w,IFCSLAB,01 - Entry Level,2,2.11,Formwork,Slab soffit formwork is implied by the slab it forms.,0.9
01U2Ox69TF78CjGAzXHA$x,IFCSLAB,01 - Entry Level,2,2.06,Concrete,"Suspended slab concrete, priced per m3 of slab.",0.9
01U2Ox69TF78CjGAzXHA$x,IFCSLAB,01 - Entry Level,2,2.11,Formwork,Slab soffit formwork is implied by the slab it forms.,0.9
01U2Ox69TF78CjGAzXHA$z,IFCSLAB,01 - Entry Level,2,2.06,Concrete,"Suspended slab concrete, priced per m3 of slab.",0.9
01U2Ox69TF78CjGAzXHA$z,IFCSLAB,01 - Entry Level,2,2.11,Formwork,Slab soffit formwork is implied by the slab it forms.,0.9
01U2Ox69TF78CjGAzXHA00,IFCSLAB,01 - Entry Level,2,2.06,Concrete,"Suspended slab concrete, priced per m3 of slab.",0.9
01U2Ox69TF78CjGAzXHA00,IFCSLAB,01 - Entry Level,2,2.11,Formwork,Slab soffit formwork is implied by the slab it forms.,0.9
01U2Ox69TF78CjGAzXHA01,IFCSLAB,01 - Entry Level,2,2.06,Concrete,"Suspended slab concrete, priced per m3 of slab.",0.9
01U2Ox69TF78CjGAzXHA01,IFCSLAB,01 - Entry Level,2,2.11,Formwork,Slab soffit formwork is implied by the slab it forms.,0.9
01U2Ox69TF78CjGAzXHA02,IFCSLAB,01 - Entry Level,2,2.06,Concrete,"Suspended slab concrete, priced per m3 of slab.",0.9
01U2Ox69TF78CjGAzXHA02,IFCSLAB,01 - Entry Level,2,2.11,Formwork,Slab soffit formwork is implied by the slab it forms.,0.9
01U2Ox69TF78CjGAzXHA1W,IFCSLAB,01 - Entry Level,2,2.06,Concrete,"Suspended slab concrete, priced per m3 of slab.",0.9
01U2Ox69TF78CjGAzXHA1W,IFCSLAB,01 - Entry Level,2,2.11,Formwork,Slab soffit formwork is implied by the slab it forms.,0.9
01U2Ox69TF78CjGAzXHA1Z,IFCSLAB,01 - Entry Level,2,2.06,Concrete,"Suspended slab concrete, priced per m3 of slab.",0.9
01U2Ox69TF78CjGAzXHA1Z,IFCSLAB,01 - Entry Level,2,2.11,Formwork,Slab soffit formwork is implied by the slab it forms.,0.9
01U2Ox69TF78CjGAzXHA1b,IFCSLAB,01 - Entry Level,2,2.06,Concrete,"Suspended slab concrete, priced per m3 of slab.",0.9
01U2Ox69TF78CjGAzXHA1b,IFCSLAB,01 - Entry Level,2,2.11,Formwork,Slab soffit formwork is implied by the slab it forms.,0.9
01U2Ox69TF78CjGAzXHA3g,IFCSLAB,01 - Entry Level,2,2.06,Concrete,"Suspended slab concrete, priced per m3 of slab.",0.9
01U2Ox69TF78CjGAzXHA3g,IFCSLAB,01 - Entry Level,2,2.11,Formwork,Slab soffit formwork is implied by the slab it forms.,0.9
01U2Ox69TF78CjGAzXHA3j,IFCSLAB,01 - Entry Level,2,2.06,Concrete,"Suspended slab concrete, priced per m3 of slab.",0.9
01U2Ox69TF78CjGAzXHA3j,IFCSLAB,01 - Entry Level,2,2.11,Formwork,Slab soffit formwork is implied by the slab it forms.,0.9
01U2Ox69TF78CjGAzXHA3l,IFCSLAB,01 - Entry Level,2,2.06,Concrete,"Suspended slab concrete, priced per m3 of slab.",0.9
01U2Ox69TF78CjGAzXHA3l,IFCSLAB,01 - Entry Level,2,2.11,Formwork,Slab soffit formwork is implied by the slab it forms.,0.9
01U2Ox69TF78CjGAzXHA4G,IFCSLAB,01 - Entry Level,2,2.06,Concrete,"Suspended slab concrete, priced per m3 of slab.",0.9
01U2Ox69TF78CjGAzXHA4G,IFCSLAB,01 - Entry Level,2,2.11,Formwork,Slab soffit formwork is implied by the slab it forms.,0.9
01U2Ox69TF78CjGAzXHA4J,IFCSLAB,01 - Entry Level,2,2.06,Concrete,"Suspended slab concrete, priced per m3 of slab.",0.9
01U2Ox69TF78CjGAzXHA4J,IFCSLAB,01 - Entry Level,2,2.11,Formwork,Slab soffit formwork is implied by the slab it forms.,0.9
01U2Ox69TF78CjGAzXHA4L,IFCSLAB,01 - Entry Level,2,2.06,Concrete,"Suspended slab concrete, priced per m3 of slab.",0.9
01U2Ox69TF78CjGAzXHA4L,IFCSLAB,01 - Entry Level,2,2.11,Formwork,Slab soffit formwork is implied by the slab it forms.,0.9
01U2Ox69TF78CjGAzXHA52,IFCSLAB,01 - Entry Level,2,2.06,Concrete,"Suspended slab concrete, priced per m3 of slab.",0.9
01U2Ox69TF78CjGAzXHA52,IFCSLAB,01 - Entry Level,2,2.11,Formwork,Slab soffit formwork is implied by the slab it forms.,0.9
01U2Ox69TF78CjGAzXHA53,IFCSLAB,01 - Entry Level,2,2.06,Concrete,"Suspended slab concrete, priced per m3 of slab.",0.9
01U2Ox69TF78CjGAzXHA53,IFCSLAB,01 - Entry Level,2,2.11,Formwork,Slab soffit formwork is implied by the slab it forms.,0.9
01U2Ox69TF78CjGAzXHA54,IFCSLAB,01 - Entry Level,2,2.06,Concrete,"Suspended slab concrete, priced per m3 of slab.",0.9
01U2Ox69TF78CjGAzXHA54,IFCSLAB,01 - Entry Level,2,2.11,Formwork,Slab soffit formwork is implied by the slab it forms.,0.9
01U2Ox69TF78CjGAzXHA6W,IFCSLAB,01 - Entry Level,2,2.06,Concrete,"Suspended slab concrete, priced per m3 of slab.",0.9
01U2Ox69TF78CjGAzXHA6W,IFCSLAB,01 - Entry Level,2,2.11,Formwork,Slab soffit formwork is implied by the slab it forms.,0.9
01U2Ox69TF78CjGAzXHA6Z,IFCSLAB,01 - Entry Level,2,2.06,Concrete,"Suspended slab concrete, priced per m3 of slab.",0.9
01U2Ox69TF78CjGAzXHA6Z,IFCSLAB,01 - Entry Level,2,2.11,Formwork,Slab soffit formwork is implied by the slab it forms.,0.9
01U2Ox69TF78CjGAzXHA6b,IFCSLAB,01 - Entry Level,2,2.06,Concrete,"Suspended slab concrete, priced per m3 of slab.",0.9
01U2Ox69TF78CjGAzXHA6b,IFCSLAB,01 - Entry Level,2,2.11,Formwork,Slab soffit formwork is implied by the slab it forms.,0.9
01U2Ox69TF78CjGAzXHAAS,IFCSLAB,01 - Entry Level,2,2.06,Concrete,"Suspended slab concrete, priced per m3 of slab.",0.9
01U2Ox69TF78CjGAzXHAAS,IFCSLAB,01 - Entry Level,2,2.11,Formwork,Slab soffit formwork is implied by the slab it forms.,0.9
01U2Ox69TF78CjGAzXHAAT,IFCSLAB,01 - Entry Level,2,2.06,Concrete,"Suspended slab concrete, priced per m3 of slab.",0.9
01U2Ox69TF78CjGAzXHAAT,IFCSLAB,01 - Entry Level,2,2.11,Formwork,Slab soffit formwork is implied by the slab it forms.,0.9
01U2Ox69TF78CjGAzXHAAU,IFCSLAB,01 - Entry Level,2,2.06,Concrete,"Suspended slab concrete, priced per m3 of slab.",0.9
01U2Ox69TF78CjGAzXHAAU,IFCSLAB,01 - Entry Level,2,2.11,Formwork,Slab soffit formwork is implied by the slab it forms.,0.9
01U2Ox69TF78CjGAzXHACE,IFCSLAB,01 - Entry Level,2,2.06,Concrete,"Suspended slab concrete, priced per m3 of slab.",0.9
01U2Ox69TF78CjGAzXHACE,IFCSLAB,01 - Entry Level,2,2.11,Formwork,Slab soffit formwork is implied by the slab it forms.,0.9
01U2Ox69TF78CjGAzXHADm,IFCSLAB,01 - Entry Level,2,2.06,Concrete,"Suspended slab concrete, priced per m3 of slab.",0.9
01U2Ox69TF78CjGAzXHADm,IFCSLAB,01 - Entry Level,2,2.11,Formwork,Slab soffit formwork is implied by the slab it forms.,0.9
01U2Ox69TF78CjGAzXHADn,IFCSLAB,01 - Entry Level,2,2.06,Concrete,"Suspended slab concrete, priced per m3 of slab.",0.9
01U2Ox69TF78CjGAzXHADn,IFCSLAB,01 - Entry Level,2,2.11,Formwork,Slab soffit formwork is implied by the slab it forms.,0.9
01U2Ox69TF78CjGAzXHADp,IFCSLAB,01 - Entry Level,2,2.06,Concrete,"Suspended slab concrete, priced per m3 of slab.",0.9
01U2Ox69TF78CjGAzXHADp,IFCSLAB,01 - Entry Level,2,2.11,Formwork,Slab soffit formwork is implied by the slab it forms.,0.9
01U2Ox69TF78CjGAzXHADr,IFCSLAB,01 - Entry Level,2,2.06,Concrete,"Suspended slab concrete, priced per m3 of slab.",0.9
01U2Ox69TF78CjGAzXHADr,IFCSLAB,01 - Entry Level,2,2.11,Formwork,Slab soffit formwork is implied by the slab it forms.,0.9
01U2Ox69TF78CjGAzXHAIC,IFCSLAB,01 - Entry Level,2,2.06,Concrete,"Suspended slab concrete, priced per m3 of slab.",0.9
01U2Ox69TF78CjGAzXHAIC,IFCSLAB,01 - Entry Level,2,2.11,Formwork,Slab soffit formwork is implied by the slab it forms.,0.9
01U2Ox69TF78CjGAzXHAID,IFCSLAB,01 - Entry Level,2,2.06,Concrete,"Suspended slab concrete, priced per m3 of slab.",0.9
01U2Ox69TF78CjGAzXHAID,IFCSLAB,01 - Entry Level,2,2.11,Formwork,Slab soffit formwork is implied by the slab it forms.,0.9
01U2Ox69TF78CjGAzXHAIE,IFCSLAB,01 - Entry Level,2,2.06,Concrete,"Suspended slab concrete, priced per m3 of slab.",0.9
01U2Ox69TF78CjGAzXHAIE,IFCSLAB,01 - Entry Level,2,2.11,Formwork,Slab soffit formwork is implied by the slab it forms.,0.9
01U2Ox69TF78CjGAzXHAIq,IFCSLAB,01 - Entry Level,2,2.06,Concrete,"Suspended slab concrete, priced per m3 of slab.",0.9
01U2Ox69TF78CjGAzXHAIq,IFCSLAB,01 - Entry Level,2,2.11,Formwork,Slab soffit formwork is implied by the slab it forms.,0.9
01U2Ox69TF78CjGAzXHAIt,IFCSLAB,01 - Entry Level,2,2.06,Concrete,"Suspended slab concrete, priced per m3 of slab.",0.9
01U2Ox69TF78CjGAzXHAIt,IFCSLAB,01 - Entry Level,2,2.11,Formwork,Slab soffit formwork is implied by the slab it forms.,0.9
01U2Ox69TF78CjGAzXHAIv,IFCSLAB,01 - Entry Level,2,2.06,Concrete,"Suspended slab concrete, priced per m3 of slab.",0.9
01U2Ox69TF78CjGAzXHAIv,IFCSLAB,01 - Entry Level,2,2.11,Formwork,Slab soffit formwork is implied by the slab it forms.,0.9
01U2Ox69TF78CjGAzXHAKw,IFCSLAB,01 - Entry Level,2,2.06,Concrete,"Suspended slab concrete, priced per m3 of slab.",0.9
01U2Ox69TF78CjGAzXHAKw,IFCSLAB,01 - Entry Level,2,2.11,Formwork,Slab soffit formwork is implied by the slab it forms.,0.9
01U2Ox69TF78CjGAzXHAKx,IFCSLAB,01 - Entry Level,2,2.06,Concrete,"Suspended slab concrete, priced per m3 of slab.",0.9
01U2Ox69TF78CjGAzXHAKx,IFCSLAB,01 - Entry Level,2,2.11,Formwork,Slab soffit formwork is implied by the slab it forms.,0.9
01U2Ox69TF78CjGAzXHAKy,IFCSLAB,01 - Entry Level,2,2.06,Concrete,"Suspended slab concrete, priced per m3 of slab.",0.9
01U2Ox69TF78CjGAzXHAKy,IFCSLAB,01 - Entry Level,2,2.11,Formwork,Slab soffit formwork is implied by the slab it forms.,0.9
01U2Ox69TF78CjGAzXHALM,IFCSLAB,01 - Entry Level,2,2.06,Concrete,"Suspended slab concrete, priced per m3 of slab.",0.9
01U2Ox69TF78CjGAzXHALM,IFCSLAB,01 - Entry Level,2,2.11,Formwork,Slab soffit formwork is implied by the slab it forms.,0.9
01U2Ox69TF78CjGAzXHALN,IFCSLAB,01 - Entry Level,2,2.06,Concrete,"Suspended slab concrete, priced per m3 of slab.",0.9
01U2Ox69TF78CjGAzXHALN,IFCSLAB,01 - Entry Level,2,2.11,Formwork,Slab soffit formwork is implied by the slab it forms.,0.9
01U2Ox69TF78CjGAzXHALO,IFCSLAB,01 - Entry Level,2,2.06,Concrete,"Suspended slab concrete, priced per m3 of slab.",0.9
01U2Ox69TF78CjGAzXHALO,IFCSLAB,01 - Entry Level,2,2.11,Formwork,Slab soffit formwork is implied by the slab it forms.,0.9
01U2Ox69TF78CjGAzXHALo,IFCSLAB,01 - Entry Level,2,2.06,Concrete,"Suspended slab concrete, priced per m3 of slab.",0.9
01U2Ox69TF78CjGAzXHALo,IFCSLAB,01 - Entry Level,2,2.11,Formwork,Slab soffit formwork is implied by the slab it forms.,0.9
01U2Ox69TF78CjGAzXHALr,IFCSLAB,01 - Entry Level,2,2.06,Concrete,"Suspended slab concrete, priced per m3 of slab.",0.9
01U2Ox69TF78CjGAzXHALr,IFCSLAB,01 - Entry Level,2,2.11,Formwork,Slab soffit formwork is implied by the slab it forms.,0.9
01U2Ox69TF78CjGAzXHALt,IFCSLAB,01 - Entry Level,2,2.06,Concrete,"Suspended slab concrete, priced per m3 of slab.",0.9
01U2Ox69TF78CjGAzXHALt,IFCSLAB,01 - Entry Level,2,2.11,Formwork,Slab soffit formwork is implied by the slab it forms.,0.9
01U2Ox69TF78CjGAzXHAMH,IFCSLAB,01 - Entry Level,2,2.06,Concrete,"Suspended slab concrete, priced per m3 of slab.",0.9
01U2Ox69TF78CjGAzXHAMH,IFCSLAB,01 - Entry Level,2,2.11,Formwork,Slab soffit formwork is implied by the slab it forms.,0.9
01U2Ox69TF78CjGAzXHAMi,IFCSLAB,01 - Entry Level,2,2.06,Concrete,"Suspended slab concrete, priced per m3 of slab.",0.9
01U2Ox69TF78CjGAzXHAMi,IFCSLAB,01 - Entry Level,2,2.11,Formwork,Slab soffit formwork is implied by the slab it forms.,0.9
01U2Ox69TF78CjGAzXHAMl,IFCSLAB,01 - Entry Level,2,2.06,Concrete,"Suspended slab concrete, priced per m3 of slab.",0.9
01U2Ox69TF78CjGAzXHAMl,IFCSLAB,01 - Entry Level,2,2.11,Formwork,Slab soffit formwork is implied by the slab it forms.,0.9
01U2Ox69TF78CjGAzXHANM,IFCSLAB,01 - Entry Level,2,2.06,Concrete,"Suspended slab concrete, priced per m3 of slab.",0.9
01U2Ox69TF78CjGAzXHANM,IFCSLAB,01 - Entry Level,2,2.11,Formwork,Slab soffit formwork is implied by the slab it forms.,0.9
01U2Ox69TF78CjGAzXHANP,IFCSLAB,01 - Entry Level,2,2.06,Concrete,"Suspended slab concrete, priced per m3 of slab.",0.9
01U2Ox69TF78CjGAzXHANP,IFCSLAB,01 - Entry Level,2,2.11,Formwork,Slab soffit formwork is implied by the slab it forms.,0.9
01U2Ox69TF78CjGAzXHANR,IFCSLAB,01 - Entry Level,2,2.06,Concrete,"Suspended slab concrete, priced per m3 of slab.",0.9
01U2Ox69TF78CjGAzXHANR,IFCSLAB,01 - Entry Level,2,2.11,Formwork,Slab soffit formwork is implied by the slab it forms.,0.9
01U2Ox69TF78CjGAzXHANo,IFCSLAB,01 - Entry Level,2,2.06,Concrete,"Suspended slab concrete, priced per m3 of slab.",0.9
01U2Ox69TF78CjGAzXHANo,IFCSLAB,01 - Entry Level,2,2.11,Formwork,Slab soffit formwork is implied by the slab it forms.,0.9
01U2Ox69TF78CjGAzXHANp,IFCSLAB,01 - Entry Level,2,2.06,Concrete,"Suspended slab concrete, priced per m3 of slab.",0.9
01U2Ox69TF78CjGAzXHANp,IFCSLAB,01 - Entry Level,2,2.11,Formwork,Slab soffit formwork is implied by the slab it forms.,0.9
01U2Ox69TF78CjGAzXHANq,IFCSLAB,01 - Entry Level,2,2.06,Concrete,"Suspended slab concrete, priced per m3 of slab.",0.9
01U2Ox69TF78CjGAzXHANq,IFCSLAB,01 - Entry Level,2,2.11,Formwork,Slab soffit formwork is implied by the slab it forms.,0.9
01U2Ox69TF78CjGAzXHAO4,IFCSLAB,01 - Entry Level,2,2.06,Concrete,"Suspended slab concrete, priced per m3 of slab.",0.9
01U2Ox69TF78CjGAzXHAO4,IFCSLAB,01 - Entry Level,2,2.11,Formwork,Slab soffit formwork is implied by the slab it forms.,0.9
01U2Ox69TF78CjGAzXHAO5,IFCSLAB,01 - Entry Level,2,2.06,Concrete,"Suspended slab concrete, priced per m3 of slab.",0.9
01U2Ox69TF78CjGAzXHAO5,IFCSLAB,01 - Entry Level,2,2.11,Formwork,Slab soffit formwork is implied by the slab it forms.,0.9
01U2Ox69TF78CjGAzXHAO6,IFCSLAB,01 - Entry Level,2,2.06,Concrete,"Suspended slab concrete, priced per m3 of slab.",0.9
01U2Ox69TF78CjGAzXHAO6,IFCSLAB,01 - Entry Level,2,2.11,Formwork,Slab soffit formwork is implied by the slab it forms.,0.9
01U2Ox69TF78CjGAzXHAQ0,IFCSLAB,01 - Entry Level,2,2.06,Concrete,"Suspended slab concrete, priced per m3 of slab.",0.9
01U2Ox69TF78CjGAzXHAQ0,IFCSLAB,01 - Entry Level,2,2.11,Formwork,Slab soffit formwork is implied by the slab it forms.,0.9
01U2Ox69TF78CjGAzXHAQU,IFCSLAB,01 - Entry Level,2,2.06,Concrete,"Suspended slab concrete, priced per m3 of slab.",0.9
01U2Ox69TF78CjGAzXHAQU,IFCSLAB,01 - Entry Level,2,2.11,Formwork,Slab soffit formwork is implied by the slab it forms.,0.9
01U2Ox69TF78CjGAzXHAQV,IFCSLAB,01 - Entry Level,2,2.06,Concrete,"Suspended slab concrete, priced per m3 of slab.",0.9
01U2Ox69TF78CjGAzXHAQV,IFCSLAB,01 - Entry Level,2,2.11,Formwork,Slab soffit formwork is implied by the slab it forms.,0.9
01U2Ox69TF78CjGAzXHAQm,IFCSLAB,01 - Entry Level,2,2.06,Concrete,"Suspended slab concrete, priced per m3 of slab.",0.9
01U2Ox69TF78CjGAzXHAQm,IFCSLAB,01 - Entry Level,2,2.11,Formwork,Slab soffit formwork is implied by the slab it forms.,0.9
01U2Ox69TF78CjGAzXHAQp,IFCSLAB,01 - Entry Level,2,2.06,Concrete,"Suspended slab concrete, priced per m3 of slab.",0.9
01U2Ox69TF78CjGAzXHAQp,IFCSLAB,01 - Entry Level,2,2.11,Formwork,Slab soffit formwork is implied by the slab it forms.,0.9
01U2Ox69TF78CjGAzXHAQr,IFCSLAB,01 - Entry Level,2,2.06,Concrete,"Suspended slab concrete, priced per m3 of slab.",0.9
01U2Ox69TF78CjGAzXHAQr,IFCSLAB,01 - Entry Level,2,2.11,Formwork,Slab soffit formwork is implied by the slab it forms.,0.9
01U2Ox69TF78CjGAzXHARH,IFCSLAB,01 - Entry Level,2,2.06,Concrete,"Suspended slab concrete, priced per m3 of slab.",0.9
01U2Ox69TF78CjGAzXHARH,IFCSLAB,01 - Entry Level,2,2.11,Formwork,Slab soffit formwork is implied by the slab it forms.,0.9
01U2Ox69TF78CjGAzXHARi,IFCSLAB,01 - Entry Level,2,2.06,Concrete,"Suspended slab concrete, priced per m3 of slab.",0.9
01U2Ox69TF78CjGAzXHARi,IFCSLAB,01 - Entry Level,2,2.11,Formwork,Slab soffit formwork is implied by the slab it forms.,0.9
01U2Ox69TF78CjGAzXHARl,IFCSLAB,01 - Entry Level,2,2.06,Concrete,"Suspended slab concrete, priced per m3 of slab.",0.9
01U2Ox69TF78CjGAzXHARl,IFCSLAB,01 - Entry Level,2,2.11,Formwork,Slab soffit formwork is implied by the slab it forms.,0.9
01U2Ox69TF78CjGAzXHASq,IFCSLAB,01 - Entry Level,2,2.06,Concrete,"Suspended slab concrete, priced per m3 of slab.",0.9
01U2Ox69TF78CjGAzXHASq,IFCSLAB,01 - Entry Level,2,2.11,Formwork,Slab soffit formwork is implied by the slab it forms.,0.9
01U2Ox69TF78CjGAzXHASt,IFCSLAB,01 - Entry Level,2,2.06,Concrete,"Suspended slab concrete, priced per m3 of slab.",0.9
01U2Ox69TF78CjGAzXHASt,IFCSLAB,01 - Entry Level,2,2.11,Formwork,Slab soffit formwork is implied by the slab it forms.,0.9
01U2Ox69TF78CjGAzXHASv,IFCSLAB,01 - Entry Level,2,2.06,Concrete,"Suspended slab concrete, priced per m3 of slab.",0.9
01U2Ox69TF78CjGAzXHASv,IFCSLAB,01 - Entry Level,2,2.11,Formwork,Slab soffit formwork is implied by the slab it forms.,0.9
01U2Ox69TF78CjGAzXHATW,IFCSLAB,01 - Entry Level,2,2.06,Concrete,"Suspended slab concrete, priced per m3 of slab.",0.9
01U2Ox69TF78CjGAzXHATW,IFCSLAB,01 - Entry Level,2,2.11,Formwork,Slab soffit formwork is implied by the slab it forms.,0.9
01U2Ox69TF78CjGAzXHATX,IFCSLAB,01 - Entry Level,2,2.06,Concrete,"Suspended slab concrete, priced per m3 of slab.",0.9
01U2Ox69TF78CjGAzXHATX,IFCSLAB,01 - Entry Level,2,2.11,Formwork,Slab soffit formwork is implied by the slab it forms.,0.9
01U2Ox69TF78CjGAzXHATY,IFCSLAB,01 - Entry Level,2,2.06,Concrete,"Suspended slab concrete, priced per m3 of slab.",0.9
01U2Ox69TF78CjGAzXHATY,IFCSLAB,01 - Entry Level,2,2.11,Formwork,Slab soffit formwork is implied by the slab it forms.,0.9
01U2Ox69TF78CjGAzXHAVu,IFCSLAB,01 - Entry Level,2,2.06,Concrete,"Suspended slab concrete, priced per m3 of slab.",0.9
01U2Ox69TF78CjGAzXHAVu,IFCSLAB,01 - Entry Level,2,2.11,Formwork,Slab soffit formwork is implied by the slab it forms.,0.9
01U2Ox69TF78CjGAzXHAVv,IFCSLAB,01 - Entry Level,2,2.06,Concrete,"Suspended slab concrete, priced per m3 of slab.",0.9
01U2Ox69TF78CjGAzXHAVv,IFCSLAB,01 - Entry Level,2,2.11,Formwork,Slab soffit formwork is implied by the slab it forms.,0.9
01U2Ox69TF78CjGAzXHAVw,IFCSLAB,01 - Entry Level,2,2.06,Concrete,"Suspended slab concrete, priced per m3 of slab.",0.9
01U2Ox69TF78CjGAzXHAVw,IFCSLAB,01 - Entry Level,2,2.11,Formwork,Slab soffit formwork is implied by the slab it forms.,0.9
01U2Ox69TF78CjGAzXHAWQ,IFCSLAB,01 - Entry Level,2,2.06,Concrete,"Suspended slab concrete, priced per m3 of slab.",0.9
01U2Ox69TF78CjGAzXHAWQ,IFCSLAB,01 - Entry Level,2,2.11,Formwork,Slab soffit formwork is implied by the slab it forms.,0.9
01U2Ox69TF78CjGAzXHAWR,IFCSLAB,01 - Entry Level,2,2.06,Concrete,"Suspended slab concrete, priced per m3 of slab.",0.9
01U2Ox69TF78CjGAzXHAWR,IFCSLAB,01 - Entry Level,2,2.11,Formwork,Slab soffit formwork is implied by the slab it forms.,0.9
01U2Ox69TF78CjGAzXHAWS,IFCSLAB,01 - Entry Level,2,2.06,Concrete,"Suspended slab concrete, priced per m3 of slab.",0.9
01U2Ox69TF78CjGAzXHAWS,IFCSLAB,01 - Entry Level,2,2.11,Formwork,Slab soffit formwork is implied by the slab it forms.,0.9
01U2Ox69TF78CjGAzXHAWT,IFCSLAB,01 - Entry Level,2,2.06,Concrete,"Suspended slab concrete, priced per m3 of slab.",0.9
01U2Ox69TF78CjGAzXHAWT,IFCSLAB,01 - Entry Level,2,2.11,Formwork,Slab soffit formwork is implied by the slab it forms.,0.9
01U2Ox69TF78CjGAzXHAWU,IFCSLAB,01 - Entry Level,2,2.06,Concrete,"Suspended slab concrete, priced per m3 of slab.",0.9
01U2Ox69TF78CjGAzXHAWU,IFCSLAB,01 - Entry Level,2,2.11,Formwork,Slab soffit formwork is implied by the slab it forms.,0.9
01U2Ox69TF78CjGAzXHAWm,IFCSLAB,01 - Entry Level,2,2.06,Concrete,"Suspended slab concrete, priced per m3 of slab.",0.9
01U2Ox69TF78CjGAzXHAWm,IFCSLAB,01 - Entry Level,2,2.11,Formwork,Slab soffit formwork is implied by the slab it forms.,0.9
01U2Ox69TF78CjGAzXHAWn,IFCSLAB,01 - Entry Level,2,2.06,Concrete,"Suspended slab concrete, priced per m3 of slab.",0.9
01U2Ox69TF78CjGAzXHAWn,IFCSLAB,01 - Entry Level,2,2.11,Formwork,Slab soffit formwork is implied by the slab it forms.,0.9
01U2Ox69TF78CjGAzXHAWp,IFCSLAB,01 - Entry Level,2,2.06,Concrete,"Suspended slab concrete, priced per m3 of slab.",0.9
01U2Ox69TF78CjGAzXHAWp,IFCSLAB,01 - Entry Level,2,2.11,Formwork,Slab soffit formwork is implied by the slab it forms.,0.9
01U2Ox69TF78CjGAzXHAWr,IFCSLAB,01 - Entry Level,2,2.06,Concrete,"Suspended slab concrete, priced per m3 of slab.",0.9
01U2Ox69TF78CjGAzXHAWr,IFCSLAB,01 - Entry Level,2,2.11,Formwork,Slab soffit formwork is implied by the slab it forms.,0.9
01U2Ox69TF78CjGAzXHAXH,IFCSLAB,01 - Entry Level,2,2.06,Concrete,"Suspended slab concrete, priced per m3 of slab.",0.9
01U2Ox69TF78CjGAzXHAXH,IFCSLAB,01 - Entry Level,2,2.11,Formwork,Slab soffit formwork is implied by the slab it forms.,0.9
01U2Ox69TF78CjGAzXHAXJ,IFCSLAB,01 - Entry Level,2,2.06,Concrete,"Suspended slab concrete, priced per m3 of slab.",0.9
01U2Ox69TF78CjGAzXHAXJ,IFCSLAB,01 - Entry Level,2,2.11,Formwork,Slab soffit formwork is implied by the slab it forms.,0.9
01U2Ox69TF78CjGAzXHAXi,IFCSLAB,01 - Entry Level,2,2.06,Concrete,"Suspended slab concrete, priced per m3 of slab.",0.9
01U2Ox69TF78CjGAzXHAXi,IFCSLAB,01 - Entry Level,2,2.11,Formwork,Slab soffit formwork is implied by the slab it forms.,0.9
01U2Ox69TF78CjGAzXHAXk,IFCSLAB,01 - Entry Level,2,2.06,Concrete,"Suspended slab concrete, priced per m3 of slab.",0.9
01U2Ox69TF78CjGAzXHAXk,IFCSLAB,01 - Entry Level,2,2.11,Formwork,Slab soffit formwork is implied by the slab it forms.,0.9
01U2Ox69TF78CjGAzXHAXl,IFCSLAB,01 - Entry Level,2,2.06,Concrete,"Suspended slab concrete, priced per m3 of slab.",0.9
01U2Ox69TF78CjGAzXHAXl,IFCSLAB,01 - Entry Level,2,2.11,Formwork,Slab soffit formwork is implied by the slab it forms.,0.9
01U2Ox69TF78CjGAzXHAYW,IFCSLAB,01 - Entry Level,2,2.06,Concrete,"Suspended slab concrete, priced per m3 of slab.",0.9
01U2Ox69TF78CjGAzXHAYW,IFCSLAB,01 - Entry Level,2,2.11,Formwork,Slab soffit formwork is implied by the slab it forms.,0.9
01U2Ox69TF78CjGAzXHAYX,IFCSLAB,01 - Entry Level,2,2.06,Concrete,"Suspended slab concrete, priced per m3 of slab.",0.9
01U2Ox69TF78CjGAzXHAYX,IFCSLAB,01 - Entry Level,2,2.11,Formwork,Slab soffit formwork is implied by the slab it forms.,0.9
01U2Ox69TF78CjGAzXHAYZ,IFCSLAB,01 - Entry Level,2,2.06,Concrete,"Suspended slab concrete, priced per m3 of slab.",0.9
01U2Ox69TF78CjGAzXHAYZ,IFCSLAB,01 - Entry Level,2,2.11,Formwork,Slab soffit formwork is implied by the slab it forms.,0.9
01U2Ox69TF78CjGAzXHAY_,IFCSLAB,01 - Entry Level,2,2.06,Concrete,"Suspended slab concrete, priced per m3 of slab.",0.9
01U2Ox69TF78CjGAzXHAY_,IFCSLAB,01 - Entry Level,2,2.11,Formwork,Slab soffit formwork is implied by the slab it forms.,0.9
01U2Ox69TF78CjGAzXHAYb,IFCSLAB,01 - Entry Level,2,2.06,Concrete,"Suspended slab concrete, priced per m3 of slab.",0.9
01U2Ox69TF78CjGAzXHAYb,IFCSLAB,01 - Entry Level,2,2.11,Formwork,Slab soffit formwork is implied by the slab it forms.,0.9
01U2Ox69TF78CjGAzXHAZE,IFCSLAB,01 - Entry Level,2,2.06,Concrete,"Suspended slab concrete, priced per m3 of slab.",0.9
01U2Ox69TF78CjGAzXHAZE,IFCSLAB,01 - Entry Level,2,2.11,Formwork,Slab soffit formwork is implied by the slab it forms.,0.9
01U2Ox69TF78CjGAzXHAZG,IFCSLAB,01 - Entry Level,2,2.06,Concrete,"Suspended slab concrete, priced per m3 of slab.",0.9
01U2Ox69TF78CjGAzXHAZG,IFCSLAB,01 - Entry Level,2,2.11,Formwork,Slab soffit formwork is implied by the slab it forms.,0.9
01U2Ox69TF78CjGAzXHAZH,IFCSLAB,01 - Entry Level,2,2.06,Concrete,"Suspended slab concrete, priced per m3 of slab.",0.9
01U2Ox69TF78CjGAzXHAZH,IFCSLAB,01 - Entry Level,2,2.11,Formwork,Slab soffit formwork is implied by the slab it forms.,0.9
01U2Ox69TF78CjGAzXHAZI,IFCSLAB,01 - Entry Level,2,2.06,Concrete,"Suspended slab concrete, priced per m3 of slab.",0.9
01U2Ox69TF78CjGAzXHAZI,IFCSLAB,01 - Entry Level,2,2.11,Formwork,Slab soffit formwork is implied by the slab it forms.,0.9
01U2Ox69TF78CjGAzXHAZk,IFCSLAB,01 - Entry Level,2,2.06,Concrete,"Suspended slab concrete, priced per m3 of slab.",0.9
01U2Ox69TF78CjGAzXHAZk,IFCSLAB,01 - Entry Level,2,2.11,Formwork,Slab soffit formwork is implied by the slab it forms.,0.9
01U2Ox69TF78CjGAzXHAZl,IFCSLAB,01 - Entry Level,2,2.06,Concrete,"Suspended slab concrete, priced per m3 of slab.",0.9
01U2Ox69TF78CjGAzXHAZl,IFCSLAB,01 - Entry Level,2,2.11,Formwork,Slab soffit formwork is implied by the slab it forms.,0.9
01U2Ox69TF78CjGAzXHA_M,IFCSLAB,01 - Entry Level,2,2.06,Concrete,"Suspended slab concrete, priced per m3 of slab.",0.9
01U2Ox69TF78CjGAzXHA_M,IFCSLAB,01 - Entry Level,2,2.11,Formwork,Slab soffit formwork is implied by the slab it forms.,0.9
01U2Ox69TF78CjGAzXHA_N,IFCSLAB,01 - Entry Level,2,2.06,Concrete,"Suspended slab concrete, priced per m3 of slab.",0.9
01U2Ox69TF78CjGAzXHA_N,IFCSLAB,01 - Entry Level,2,2.11,Formwork,Slab soffit formwork is implied by the slab it forms.,0.9
01U2Ox69TF78CjGAzXHA_O,IFCSLAB,01 - Entry Level,2,2.06,Concrete,"Suspended slab concrete, priced per m3 of slab.",0.9
01U2Ox69TF78CjGAzXHA_O,IFCSLAB,01 - Entry Level,2,2.11,Formwork,Slab soffit formwork is implied by the slab it forms.,0.9
01U2Ox69TF78CjGAzXHA_P,IFCSLAB,01 - Entry Level,2,2.06,Concrete,"Suspended slab concrete, priced per m3 of slab.",0.9
01U2Ox69TF78CjGAzXHA_P,IFCSLAB,01 - Entry Level,2,2.11,Formwork,Slab soffit formwork is implied by the slab it forms.,0.9
01U2Ox69TF78CjGAzXHA_Q,IFCSLAB,01 - Entry Level,2,2.06,Concrete,"Suspended slab concrete, priced per m3 of slab.",0.9
01U2Ox69TF78CjGAzXHA_Q,IFCSLAB,01 - Entry Level,2,2.11,Formwork,Slab soffit formwork is implied by the slab it forms.,0.9
01U2Ox69TF78CjGAzXHAa0,IFCSLAB,01 - Entry Level,2,2.06,Concrete,"Suspended slab concrete, priced per m3 of slab.",0.9
01U2Ox69TF78CjGAzXHAa0,IFCSLAB,01 - Entry Level,2,2.11,Formwork,Slab soffit formwork is implied by the slab it forms.,0.9
01U2Ox69TF78CjGAzXHAa2,IFCSLAB,01 - Entry Level,2,2.06,Concrete,"Suspended slab concrete, priced per m3 of slab.",0.9
01U2Ox69TF78CjGAzXHAa2,IFCSLAB,01 - Entry Level,2,2.11,Formwork,Slab soffit formwork is implied by the slab it forms.,0.9
01U2Ox69TF78CjGAzXHAa3,IFCSLAB,01 - Entry Level,2,2.06,Concrete,"Suspended slab concrete, priced per m3 of slab.",0.9
01U2Ox69TF78CjGAzXHAa3,IFCSLAB,01 - Entry Level,2,2.11,Formwork,Slab soffit formwork is implied by the slab it forms.,0.9
01U2Ox69TF78CjGAzXHAa5,IFCSLAB,01 - Entry Level,2,2.06,Concrete,"Suspended slab concrete, priced per m3 of slab.",0.9
01U2Ox69TF78CjGAzXHAa5,IFCSLAB,01 - Entry Level,2,2.11,Formwork,Slab soffit formwork is implied by the slab it forms.,0.9
01U2Ox69TF78CjGAzXHAa7,IFCSLAB,01 - Entry Level,2,2.06,Concrete,"Suspended slab concrete, priced per m3 of slab.",0.9
01U2Ox69TF78CjGAzXHAa7,IFCSLAB,01 - Entry Level,2,2.11,Formwork,Slab soffit formwork is implied by the slab it forms.,0.9
01U2Ox69TF78CjGAzXHAbO,IFCSLAB,01 - Entry Level,2,2.06,Concrete,"Suspended slab concrete, priced per m3 of slab.",0.9
01U2Ox69TF78CjGAzXHAbO,IFCSLAB,01 - Entry Level,2,2.11,Formwork,Slab soffit formwork is implied by the slab it forms.,0.9
01U2Ox69TF78CjGAzXHAbP,IFCSLAB,01 - Entry Level,2,2.06,Concrete,"Suspended slab concrete, priced per m3 of slab.",0.9
01U2Ox69TF78CjGAzXHAbP,IFCSLAB,01 - Entry Level,2,2.11,Formwork,Slab soffit formwork is implied by the slab it forms.,0.9
01U2Ox69TF78CjGAzXHAbQ,IFCSLAB,01 - Entry Level,2,2.06,Concrete,"Suspended slab concrete, priced per m3 of slab.",0.9
01U2Ox69TF78CjGAzXHAbQ,IFCSLAB,01 - Entry Level,2,2.11,Formwork,Slab soffit formwork is implied by the slab it forms.,0.9
01U2Ox69TF78CjGAzXHAbR,IFCSLAB,01 - Entry Level,2,2.06,Concrete,"Suspended slab concrete, priced per m3 of slab.",0.9
01U2Ox69TF78CjGAzXHAbR,IFCSLAB,01 - Entry Level,2,2.11,Formwork,Slab soffit formwork is implied by the slab it forms.,0.9
01U2Ox69TF78CjGAzXHAbS,IFCSLAB,01 - Entry Level,2,2.06,Concrete,"Suspended slab concrete, priced per m3 of slab.",0.9
01U2Ox69TF78CjGAzXHAbS,IFCSLAB,01 - Entry Level,2,2.11,Formwork,Slab soffit formwork is implied by the slab it forms.,0.9
01U2Ox69TF78CjGAzXHAcC,IFCSLAB,01 - Entry Level,2,2.06,Concrete,"Suspended slab concrete, priced per m3 of slab.",0.9
01U2Ox69TF78CjGAzXHAcC,IFCSLAB,01 - Entry Level,2,2.11,Formwork,Slab soffit formwork is implied by the slab it forms.,0.9
01U2Ox69TF78CjGAzXHAcE,IFCSLAB,01 - Entry Level,2,2.06,Concrete,"Suspended slab concrete, priced per m3 of slab.",0.9
01U2Ox69TF78CjGAzXHAcE,IFCSLAB,01 - Entry Level,2,2.11,Formwork,Slab soffit formwork is implied by the slab it forms.,0.9
01U2Ox69TF78CjGAzXHAcF,IFCSLAB,01 - Entry Level,2,2.06,Concrete,"Suspended slab concrete, priced per m3 of slab.",0.9
01U2Ox69TF78CjGAzXHAcF,IFCSLAB,01 - Entry Level,2,2.11,Formwork,Slab soffit formwork is implied by the slab it forms.,0.9
01U2Ox69TF78CjGAzXHAdO,IFCSLAB,01 - Entry Level,2,2.06,Concrete,"Suspended slab concrete, priced per m3 of slab.",0.9
01U2Ox69TF78CjGAzXHAdO,IFCSLAB,01 - Entry Level,2,2.11,Formwork,Slab soffit formwork is implied by the slab it forms.,0.9
01U2Ox69TF78CjGAzXHAdP,IFCSLAB,01 - Entry Level,2,2.06,Concrete,"Suspended slab concrete, priced per m3 of slab.",0.9
01U2Ox69TF78CjGAzXHAdP,IFCSLAB,01 - Entry Level,2,2.11,Formwork,Slab soffit formwork is implied by the slab it forms.,0.9
01U2Ox69TF78CjGAzXHAdQ,IFCSLAB,01 - Entry Level,2,2.06,Concrete,"Suspended slab concrete, priced per m3 of slab.",0.9
01U2Ox69TF78CjGAzXHAdQ,IFCSLAB,01 - Entry Level,2,2.11,Formwork,Slab soffit formwork is implied by the slab it forms.,0.9
01U2Ox69TF78CjGAzXHAdR,IFCSLAB,01 - Entry Level,2,2.06,Concrete,"Suspended slab concrete, priced per m3 of slab.",0.9
01U2Ox69TF78CjGAzXHAdR,IFCSLAB,01 - Entry Level,2,2.11,Formwork,Slab soffit formwork is implied by the slab it forms.,0.9
01U2Ox69TF78CjGAzXHAdS,IFCSLAB,01 - Entry Level,2,2.06,Concrete,"Suspended slab concrete, priced per m3 of slab.",0.9
01U2Ox69TF78CjGAzXHAdS,IFCSLAB,01 - Entry Level,2,2.11,Formwork,Slab soffit formwork is implied by the slab it forms.,0.9
01U2Ox69TF78CjGAzXHAdn,IFCSLAB,01 - Entry Level,2,2.06,Concrete,"Suspended slab concrete, priced per m3 of slab.",0.9
01U2Ox69TF78CjGAzXHAdn,IFCSLAB,01 - Entry Level,2,2.11,Formwork,Slab soffit formwork is implied by the slab it forms.,0.9
01U2Ox69TF78CjGAzXHAdp,IFCSLAB,01 - Entry Level,2,2.06,Concrete,"Suspended slab concrete, priced per m3 of slab.",0.9
01U2Ox69TF78CjGAzXHAdp,IFCSLAB,01 - Entry Level,2,2.11,Formwork,Slab soffit formwork is implied by the slab it forms.,0.9
01U2Ox69TF78CjGAzXHAe8,IFCSLAB,01 - Entry Level,2,2.06,Concrete,"Suspended slab concrete, priced per m3 of slab.",0.9
01U2Ox69TF78CjGAzXHAe8,IFCSLAB,01 - Entry Level,2,2.11,Formwork,Slab soffit formwork is implied by the slab it forms.,0.9
01U2Ox69TF78CjGAzXHAe9,IFCSLAB,01 - Entry Level,2,2.06,Concrete,"Suspended slab concrete, priced per m3 of slab.",0.9
01U2Ox69TF78CjGAzXHAe9,IFCSLAB,01 - Entry Level,2,2.11,Formwork,Slab soffit formwork is implied by the slab it forms.,0.9
01U2Ox69TF78CjGAzXHAeA,IFCSLAB,01 - Entry Level,2,2.06,Concrete,"Suspended slab concrete, priced per m3 of slab.",0.9
01U2Ox69TF78CjGAzXHAeA,IFCSLAB,01 - Entry Level,2,2.11,Formwork,Slab soffit formwork is implied by the slab it forms.,0.9
01U2Ox69TF78CjGAzXHAeB,IFCSLAB,01 - Entry Level,2,2.06,Concrete,"Suspended slab concrete, priced per m3 of slab.",0.9
01U2Ox69TF78CjGAzXHAeB,IFCSLAB,01 - Entry Level,2,2.11,Formwork,Slab soffit formwork is implied by the slab it forms.,0.9
01U2Ox69TF78CjGAzXHAeC,IFCSLAB,01 - Entry Level,2,2.06,Concrete,"Suspended slab concrete, priced per m3 of slab.",0.9
01U2Ox69TF78CjGAzXHAeC,IFCSLAB,01 - Entry Level,2,2.11,Formwork,Slab soffit formwork is implied by the slab it forms.,0.9
01U2Ox69TF78CjGAzXHAeW,IFCSLAB,01 - Entry Level,2,2.06,Concrete,"Suspended slab concrete, priced per m3 of slab.",0.9
01U2Ox69TF78CjGAzXHAeW,IFCSLAB,01 - Entry Level,2,2.11,Formwork,Slab soffit formwork is implied by the slab it forms.,0.9
01U2Ox69TF78CjGAzXHAeX,IFCSLAB,01 - Entry Level,2,2.06,Concrete,"Suspended slab concrete, priced per m3 of slab.",0.9
01U2Ox69TF78CjGAzXHAeX,IFCSLAB,01 - Entry Level,2,2.11,Formwork,Slab soffit formwork is implied by the slab it forms.,0.9
01U2Ox69TF78CjGAzXHAeZ,IFCSLAB,01 - Entry Level,2,2.06,Concrete,"Suspended slab concrete, priced per m3 of slab.",0.9
01U2Ox69TF78CjGAzXHAeZ,IFCSLAB,01 - Entry Level,2,2.11,Formwork,Slab soffit formwork is implied by the slab it forms.,0.9
01U2Ox69TF78CjGAzXHAe_,IFCSLAB,01 - Entry Level,2,2.06,Concrete,"Suspended slab concrete, priced per m3 of slab.",0.9
01U2Ox69TF78CjGAzXHAe_,IFCSLAB,01 - Entry Level,2,2.11,Formwork,Slab soffit formwork is implied by the slab it forms.,0.9
01U2Ox69TF78CjGAzXHAeb,IFCSLAB,01 - Entry Level,2,2.06,Concrete,"Suspended slab concrete, priced per m3 of slab.",0.9
01U2Ox69TF78CjGAzXHAeb,IFCSLAB,01 - Entry Level,2,2.11,Formwork,Slab soffit formwork is implied by the slab it forms.,0.9
01U2Ox69TF78CjGAzXHAh0,IFCSLAB,01 - Entry Level,2,2.06,Concrete,"Suspended slab concrete, priced per m3 of slab.",0.9
01U2Ox69TF78CjGAzXHAh0,IFCSLAB,01 - Entry Level,2,2.11,Formwork,Slab soffit formwork is implied by the slab it forms.,0.9
01U2Ox69TF78CjGAzXHAh1,IFCSLAB,01 - Entry Level,2,2.06,Concrete,"Suspended slab concrete, priced per m3 of slab.",0.9
01U2Ox69TF78CjGAzXHAh1,IFCSLAB,01 - Entry Level,2,2.11,Formwork,Slab soffit formwork is implied by the slab it forms.,0.9
01U2Ox69TF78CjGAzXHAh2,IFCSLAB,01 - Entry Level,2,2.06,Concrete,"Suspended slab concrete, priced per m3 of slab.",0.9
01U2Ox69TF78CjGAzXHAh2,IFCSLAB,01 - Entry Level,2,2.11,Formwork,Slab soffit formwork is implied by the slab it forms.,0.9
01U2Ox69TF78CjGAzXHAhU,IFCSLAB,01 - Entry Level,2,2.06,Concrete,"Suspended slab concrete, priced per m3 of slab.",0.9
01U2Ox69TF78CjGAzXHAhU,IFCSLAB,01 - Entry Level,2,2.11,Formwork,Slab soffit formwork is implied by the slab it forms.,0.9
01U2Ox69TF78CjGAzXHAhV,IFCSLAB,01 - Entry Level,2,2.06,Concrete,"Suspended slab concrete, priced per m3 of slab.",0.9
01U2Ox69TF78CjGAzXHAhV,IFCSLAB,01 - Entry Level,2,2.11,Formwork,Slab soffit formwork is implied by the slab it forms.,0.9
01U2Ox69TF78CjGAzXHAhq,IFCSLAB,01 - Entry Level,2,2.06,Concrete,"Suspended slab concrete, priced per m3 of slab.",0.9
01U2Ox69TF78CjGAzXHAhq,IFCSLAB,01 - Entry Level,2,2.11,Formwork,Slab soffit formwork is implied by the slab it forms.,0.9
01U2Ox69TF78CjGAzXHAhs,IFCSLAB,01 - Entry Level,2,2.06,Concrete,"Suspended slab concrete, priced per m3 of slab.",0.9
01U2Ox69TF78CjGAzXHAhs,IFCSLAB,01 - Entry Level,2,2.11,Formwork,Slab soffit formwork is implied by the slab it forms.,0.9
01U2Ox69TF78CjGAzXHAht,IFCSLAB,01 - Entry Level,2,2.06,Concrete,"Suspended slab concrete, priced per m3 of slab.",0.9
01U2Ox69TF78CjGAzXHAht,IFCSLAB,01 - Entry Level,2,2.11,Formwork,Slab soffit formwork is implied by the slab it forms.,0.9
01U2Ox69TF78CjGAzXHAhv,IFCSLAB,01 - Entry Level,2,2.06,Concrete,"Suspended slab concrete, priced per m3 of slab.",0.9
01U2Ox69TF78CjGAzXHAhv,IFCSLAB,01 - Entry Level,2,2.11,Formwork,Slab soffit formwork is implied by the slab it forms.,0.9
01U2Ox69TF78CjGAzXHAhx,IFCSLAB,01 - Entry Level,2,2.06,Concrete,"Suspended slab concrete, priced per m3 of slab.",0.9
01U2Ox69TF78CjGAzXHAhx,IFCSLAB,01 - Entry Level,2,2.11,Formwork,Slab soffit formwork is implied by the slab it forms.,0.9
01U2Ox69TF78CjGAzXHAm2,IFCSLAB,01 - Entry Level,2,2.06,Concrete,"Suspended slab concrete, priced per m3 of slab.",0.9
01U2Ox69TF78CjGAzXHAm2,IFCSLAB,01 - Entry Level,2,2.11,Formwork,Slab soffit formwork is implied by the slab it forms.,0.9
01U2Ox69TF78CjGAzXHAm4,IFCSLAB,01 - Entry Level,2,2.06,Concrete,"Suspended slab concrete, priced per m3 of slab.",0.9
01U2Ox69TF78CjGAzXHAm4,IFCSLAB,01 - Entry Level,2,2.11,Formwork,Slab soffit formwork is implied by the slab it forms.,0.9
01U2Ox69TF78CjGAzXHAm5,IFCSLAB,01 - Entry Level,2,2.06,Concrete,"Suspended slab concrete, priced per m3 of slab.",0.9
01U2Ox69TF78CjGAzXHAm5,IFCSLAB,01 - Entry Level,2,2.11,Formwork,Slab soffit formwork is implied by the slab it forms.,0.9
01U2Ox69TF78CjGAzXHAm7,IFCSLAB,01 - Entry Level,2,2.06,Concrete,"Suspended slab concrete, priced per m3 of slab.",0.9
01U2Ox69TF78CjGAzXHAm7,IFCSLAB,01 - Entry Level,2,2.11,Formwork,Slab soffit formwork is implied by the slab it forms.,0.9
01U2Ox69TF78CjGAzXHAm9,IFCSLAB,01 - Entry Level,2,2.06,Concrete,"Suspended slab concrete, priced per m3 of slab.",0.9
01U2Ox69TF78CjGAzXHAm9,IFCSLAB,01 - Entry Level,2,2.11,Formwork,Slab soffit formwork is implied by the slab it forms.,0.9
01U2Ox69TF78CjGAzXHAo$,IFCSLAB,01 - Entry Level,2,2.06,Concrete,"Suspended slab concrete, priced per m3 of slab.",0.9
01U2Ox69TF78CjGAzXHAo$,IFCSLAB,01 - Entry Level,2,2.11,Formwork,Slab soffit formwork is implied by the slab it forms.,0.9
01U2Ox69TF78CjGAzXHAoW,IFCSLAB,01 - Entry Level,2,2.06,Concrete,"Suspended slab concrete, priced per m3 of slab.",0.9
01U2Ox69TF78CjGAzXHAoW,IFCSLAB,01 - Entry Level,2,2.11,Formwork,Slab soffit formwork is implied by the slab it forms.,0.9
01U2Ox69TF78CjGAzXHAo_,IFCSLAB,01 - Entry Level,2,2.06,Concrete,"Suspended slab concrete, priced per m3 of slab.",0.9
01U2Ox69TF78CjGAzXHAo_,IFCSLAB,01 - Entry Level,2,2.11,Formwork,Slab soffit formwork is implied by the slab it forms.,0.9
01U2Ox69TF78CjGAzXHAoy,IFCSLAB,01 - Entry Level,2,2.06,Concrete,"Suspended slab concrete, priced per m3 of slab.",0.9
01U2Ox69TF78CjGAzXHAoy,IFCSLAB,01 - Entry Level,2,2.11,Formwork,Slab soffit formwork is implied by the slab it forms.,0.9
01U2Ox69TF78CjGAzXHAoz,IFCSLAB,01 - Entry Level,2,2.06,Concrete,"Suspended slab concrete, priced per m3 of slab.",0.9
01U2Ox69TF78CjGAzXHAoz,IFCSLAB,01 - Entry Level,2,2.11,Formwork,Slab soffit formwork is implied by the slab it forms.,0.9
01U2Ox69TF78CjGAzXHApA,IFCSLAB,01 - Entry Level,2,2.06,Concrete,"Suspended slab concrete, priced per m3 of slab.",0.9
01U2Ox69TF78CjGAzXHApA,IFCSLAB,01 - Entry Level,2,2.11,Formwork,Slab soffit formwork is implied by the slab it forms.,0.9
01U2Ox69TF78CjGAzXHApB,IFCSLAB,01 - Entry Level,2,2.06,Concrete,"Suspended slab concrete, priced per m3 of slab.",0.9
01U2Ox69TF78CjGAzXHApB,IFCSLAB,01 - Entry Level,2,2.11,Formwork,Slab soffit formwork is implied by the slab it forms.,0.9
01U2Ox69TF78CjGAzXHApC,IFCSLAB,01 - Entry Level,2,2.06,Concrete,"Suspended slab concrete, priced per m3 of slab.",0.9
01U2Ox69TF78CjGAzXHApC,IFCSLAB,01 - Entry Level,2,2.11,Formwork,Slab soffit formwork is implied by the slab it forms.,0.9
01U2Ox69TF78CjGAzXHApD,IFCSLAB,01 - Entry Level,2,2.06,Concrete,"Suspended slab concrete, priced per m3 of slab.",0.9
01U2Ox69TF78CjGAzXHApD,IFCSLAB,01 - Entry Level,2,2.11,Formwork,Slab soffit formwork is implied by the slab it forms.,0.9
01U2Ox69TF78CjGAzXHApE,IFCSLAB,01 - Entry Level,2,2.06,Concrete,"Suspended slab concrete, priced per m3 of slab.",0.9
01U2Ox69TF78CjGAzXHApE,IFCSLAB,01 - Entry Level,2,2.11,Formwork,Slab soffit formwork is implied by the slab it forms.,0.9
01U2Ox69TF78CjGAzXHApm,IFCSLAB,01 - Entry Level,2,2.06,Concrete,"Suspended slab concrete, priced per m3 of slab.",0.9
01U2Ox69TF78CjGAzXHApm,IFCSLAB,01 - Entry Level,2,2.11,Formwork,Slab soffit formwork is implied by the slab it forms.,0.9
01U2Ox69TF78CjGAzXHApo,IFCSLAB,01 - Entry Level,2,2.06,Concrete,"Suspended slab concrete, priced per m3 of slab.",0.9
01U2Ox69TF78CjGAzXHApo,IFCSLAB,01 - Entry Level,2,2.11,Formwork,Slab soffit formwork is implied by the slab it forms.,0.9
01U2Ox69TF78CjGAzXHApp,IFCSLAB,01 - Entry Level,2,2.06,Concrete,"Suspended slab concrete, priced per m3 of slab.",0.9
01U2Ox69TF78CjGAzXHApp,IFCSLAB,01 - Entry Level,2,2.11,Formwork,Slab soffit formwork is implied by the slab it forms.,0.9
01U2Ox69TF78CjGAzXHApr,IFCSLAB,01 - Entry Level,2,2.06,Concrete,"Suspended slab concrete, priced per m3 of slab.",0.9
01U2Ox69TF78CjGAzXHApr,IFCSLAB,01 - Entry Level,2,2.11,Formwork,Slab soffit formwork is implied by the slab it forms.,0.9
01U2Ox69TF78CjGAzXHApt,IFCSLAB,01 - Entry Level,2,2.06,Concrete,"Suspended slab concrete, priced per m3 of slab.",0.9
01U2Ox69TF78CjGAzXHApt,IFCSLAB,01 - Entry Level,2,2.11,Formwork,Slab soffit formwork is implied by the slab it forms.,0.9
01U2Ox69TF78CjGAzXHAsM,IFCSLAB,01 - Entry Level,2,2.06,Concrete,"Suspended slab concrete, priced per m3 of slab.",0.9
01U2Ox69TF78CjGAzXHAsM,IFCSLAB,01 - Entry Level,2,2.11,Formwork,Slab soffit formwork is implied by the slab it forms.,0.9
01U2Ox69TF78CjGAzXHAsO,IFCSLAB,01 - Entry Level,2,2.06,Concrete,"Suspended slab concrete, priced per m3 of slab.",0.9
01U2Ox69TF78CjGAzXHAsO,IFCSLAB,01 - Entry Level,2,2.11,Formwork,Slab soffit formwork is implied by the slab it forms.,0.9
01U2Ox69TF78CjGAzXHAsP,IFCSLAB,01 - Entry Level,2,2.06,Concrete,"Suspended slab concrete, priced per m3 of slab.",0.9
01U2Ox69TF78CjGAzXHAsP,IFCSLAB,01 - Entry Level,2,2.11,Formwork,Slab soffit formwork is implied by the slab it forms.,0.9
01U2Ox69TF78CjGAzXHAsR,IFCSLAB,01 - Entry Level,2,2.06,Concrete,"Suspended slab concrete, priced per m3 of slab.",0.9
01U2Ox69TF78CjGAzXHAsR,IFCSLAB,01 - Entry Level,2,2.11,Formwork,Slab soffit formwork is implied by the slab it forms.,0.9
01U2Ox69TF78CjGAzXHAsT,IFCSLAB,01 - Entry Level,2,2.06,Concrete,"Suspended slab concrete, priced per m3 of slab.",0.9
01U2Ox69TF78CjGAzXHAsT,IFCSLAB,01 - Entry Level,2,2.11,Formwork,Slab soffit formwork is implied by the slab it forms.,0.9
01U2Ox69TF78CjGAzXHAso,IFCSLAB,01 - Entry Level,2,2.06,Concrete,"Suspended slab concrete, priced per m3 of slab.",0.9
01U2Ox69TF78CjGAzXHAso,IFCSLAB,01 - Entry Level,2,2.11,Formwork,Slab soffit formwork is implied by the slab it forms.,0.9
01U2Ox69TF78CjGAzXHAsp,IFCSLAB,01 - Entry Level,2,2.06,Concrete,"Suspended slab concrete, priced per m3 of slab.",0.9
01U2Ox69TF78CjGAzXHAsp,IFCSLAB,01 - Entry Level,2,2.11,Formwork,Slab soffit formwork is implied by the slab it forms.,0.9
01U2Ox69TF78CjGAzXHAsq,IFCSLAB,01 - Entry Level,2,2.06,Concrete,"Suspended slab concrete, priced per m3 of slab.",0.9
01U2Ox69TF78CjGAzXHAsq,IFCSLAB,01 - Entry Level,2,2.11,Formwork,Slab soffit formwork is implied by the slab it forms.,0.9
01U2Ox69TF78CjGAzXHAsr,IFCSLAB,01 - Entry Level,2,2.06,Concrete,"Suspended slab concrete, priced per m3 of slab.",0.9
01U2Ox69TF78CjGAzXHAsr,IFCSLAB,01 - Entry Level,2,2.11,Formwork,Slab soffit formwork is implied by the slab it forms.,0.9
01U2Ox69TF78CjGAzXHAss,IFCSLAB,01 - Entry Level,2,2.06,Concrete,"Suspended slab concrete, priced per m3 of slab.",0.9
01U2Ox69TF78CjGAzXHAss,IFCSLAB,01 - Entry Level,2,2.11,Formwork,Slab soffit formwork is implied by the slab it forms.,0.9
01U2Ox69TF78CjGAzXHAuI,IFCSLAB,01 - Entry Level,2,2.06,Concrete,"Suspended slab concrete, priced per m3 of slab.",0.9
01U2Ox69TF78CjGAzXHAuI,IFCSLAB,01 - Entry Level,2,2.11,Formwork,Slab soffit formwork is implied by the slab it forms.,0.9
01U2Ox69TF78CjGAzXHAuK,IFCSLAB,01 - Entry Level,2,2.06,Concrete,"Suspended slab concrete, priced per m3 of slab.",0.9
01U2Ox69TF78CjGAzXHAuK,IFCSLAB,01 - Entry Level,2,2.11,Formwork,Slab soffit formwork is implied by the slab it forms.,0.9
01U2Ox69TF78CjGAzXHAuL,IFCSLAB,01 - Entry Level,2,2.06,Concrete,"Suspended slab concrete, priced per m3 of slab.",0.9
01U2Ox69TF78CjGAzXHAuL,IFCSLAB,01 - Entry Level,2,2.11,Formwork,Slab soffit formwork is implied by the slab it forms.,0.9
01U2Ox69TF78CjGAzXHAuN,IFCSLAB,01 - Entry Level,2,2.06,Concrete,"Suspended slab concrete, priced per m3 of slab.",0.9
01U2Ox69TF78CjGAzXHAuN,IFCSLAB,01 - Entry Level,2,2.11,Formwork,Slab soffit formwork is implied by the slab it forms.,0.9
01U2Ox69TF78CjGAzXHAuP,IFCSLAB,01 - Entry Level,2,2.06,Concrete,"Suspended slab concrete, priced per m3 of slab.",0.9
01U2Ox69TF78CjGAzXHAuP,IFCSLAB,01 - Entry Level,2,2.11,Formwork,Slab soffit formwork is implied by the slab it forms.,0.9
01U2Ox69TF78CjGAzXHAum,IFCSLAB,01 - Entry Level,2,2.06,Concrete,"Suspended slab concrete, priced per m3 of slab.",0.9
01U2Ox69TF78CjGAzXHAum,IFCSLAB,01 - Entry Level,2,2.11,Formwork,Slab soffit formwork is implied by the slab it forms.,0.9
01U2Ox69TF78CjGAzXHAun,IFCSLAB,01 - Entry Level,2,2.06,Concrete,"Suspended slab concrete, priced per m3 of slab.",0.9
01U2Ox69TF78CjGAzXHAun,IFCSLAB,01 - Entry Level,2,2.11,Formwork,Slab soffit formwork is implied by the slab it forms.,0.9
01U2Ox69TF78CjGAzXHAuo,IFCSLAB,01 - Entry Level,2,2.06,Concrete,"Suspended slab concrete, priced per m3 of slab.",0.9
01U2Ox69TF78CjGAzXHAuo,IFCSLAB,01 - Entry Level,2,2.11,Formwork,Slab soffit formwork is implied by the slab it forms.,0.9
01U2Ox69TF78CjGAzXHAup,IFCSLAB,01 - Entry Level,2,2.06,Concrete,"Suspended slab concrete, priced per m3 of slab.",0.9
01U2Ox69TF78CjGAzXHAup,IFCSLAB,01 - Entry Level,2,2.11,Formwork,Slab soffit formwork is implied by the slab it forms.,0.9
01U2Ox69TF78CjGAzXHAuq,IFCSLAB,01 - Entry Level,2,2.06,Concrete,"Suspended slab concrete, priced per m3 of slab.",0.9
01U2Ox69TF78CjGAzXHAuq,IFCSLAB,01 - Entry Level,2,2.11,Formwork,Slab soffit formwork is implied by the slab it forms.,0.9
01U2Ox69TF78CjGAzXHAvK,IFCSLAB,01 - Entry Level,2,2.06,Concrete,"Suspended slab concrete, priced per m3 of slab.",0.9
01U2Ox69TF78CjGAzXHAvK,IFCSLAB,01 - Entry Level,2,2.11,Formwork,Slab soffit formwork is implied by the slab it forms.,0.9
01U2Ox69TF78CjGAzXHAvM,IFCSLAB,01 - Entry Level,2,2.06,Concrete,"Suspended slab concrete, priced per m3 of slab.",0.9
01U2Ox69TF78CjGAzXHAvM,IFCSLAB,01 - Entry Level,2,2.11,Formwork,Slab soffit formwork is implied by the slab it forms.,0.9
01U2Ox69TF78CjGAzXHAvN,IFCSLAB,01 - Entry Level,2,2.06,Concrete,"Suspended slab concrete, priced per m3 of slab.",0.9
01U2Ox69TF78CjGAzXHAvN,IFCSLAB,01 - Entry Level,2,2.11,Formwork,Slab soffit formwork is implied by the slab it forms.,0.9
01U2Ox69TF78CjGAzXHAvP,IFCSLAB,01 - Entry Level,2,2.06,Concrete,"Suspended slab concrete, priced per m3 of slab.",0.9
01U2Ox69TF78CjGAzXHAvP,IFCSLAB,01 - Entry Level,2,2.11,Formwork,Slab soffit formwork is implied by the slab it forms.,0.9
01U2Ox69TF78CjGAzXHAvR,IFCSLAB,01 - Entry Level,2,2.06,Concrete,"Suspended slab concrete, priced per m3 of slab.",0.9
01U2Ox69TF78CjGAzXHAvR,IFCSLAB,01 - Entry Level,2,2.11,Formwork,Slab soffit formwork is implied by the slab it forms.,0.9
01U2Ox69TF78CjGAzXHAvs,IFCSLAB,01 - Entry Level,2,2.06,Concrete,"Suspended slab concrete, priced per m3 of slab.",0.9
01U2Ox69TF78CjGAzXHAvs,IFCSLAB,01 - Entry Level,2,2.11,Formwork,Slab soffit formwork is implied by the slab it forms.,0.9
01U2Ox69TF78CjGAzXHAvt,IFCSLAB,01 - Entry Level,2,2.06,Concrete,"Suspended slab concrete, priced per m3 of slab.",0.9
01U2Ox69TF78CjGAzXHAvt,IFCSLAB,01 - Entry Level,2,2.11,Formwork,Slab soffit formwork is implied by the slab it forms.,0.9
01U2Ox69TF78CjGAzXHAvu,IFCSLAB,01 - Entry Level,2,2.06,Concrete,"Suspended slab concrete, priced per m3 of slab.",0.9
01U2Ox69TF78CjGAzXHAvu,IFCSLAB,01 - Entry Level,2,2.11,Formwork,Slab soffit formwork is implied by the slab it forms.,0.9
01U2Ox69TF78CjGAzXHAvv,IFCSLAB,01 - Entry Level,2,2.06,Concrete,"Suspended slab concrete, priced per m3 of slab.",0.9
01U2Ox69TF78CjGAzXHAvv,IFCSLAB,01 - Entry Level,2,2.11,Formwork,Slab soffit formwork is implied by the slab it forms.,0.9
01U2Ox69TF78CjGAzXHAvw,IFCSLAB,01 - Entry Level,2,2.06,Concrete,"Suspended slab concrete, priced per m3 of slab.",0.9
01U2Ox69TF78CjGAzXHAvw,IFCSLAB,01 - Entry Level,2,2.11,Formwork,Slab soffit formwork is implied by the slab it forms.,0.9
01U2Ox69TF78CjGAzXHAwe,IFCSLAB,01 - Entry Level,2,2.06,Concrete,"Suspended slab concrete, priced per m3 of slab.",0.9
01U2Ox69TF78CjGAzXHAwe,IFCSLAB,01 - Entry Level,2,2.11,Formwork,Slab soffit formwork is implied by the slab it forms.,0.9
01U2Ox69TF78CjGAzXHAwf,IFCSLAB,01 - Entry Level,2,2.06,Concrete,"Suspended slab concrete, priced per m3 of slab.",0.9
01U2Ox69TF78CjGAzXHAwf,IFCSLAB,01 - Entry Level,2,2.11,Formwork,Slab soffit formwork is implied by the slab it forms.,0.9
01U2Ox69TF78CjGAzXHAwg,IFCSLAB,01 - Entry Level,2,2.06,Concrete,"Suspended slab concrete, priced per m3 of slab.",0.9
01U2Ox69TF78CjGAzXHAwg,IFCSLAB,01 - Entry Level,2,2.11,Formwork,Slab soffit formwork is implied by the slab it forms.,0.9
01U2Ox69TF78CjGAzXHAwh,IFCSLAB,01 - Entry Level,2,2.06,Concrete,"Suspended slab concrete, priced per m3 of slab.",0.9
01U2Ox69TF78CjGAzXHAwh,IFCSLAB,01 - Entry Level,2,2.11,Formwork,Slab soffit formwork is implied by the slab it forms.,0.9
01U2Ox69TF78CjGAzXHAwi,IFCSLAB,01 - Entry Level,2,2.06,Concrete,"Suspended slab concrete, priced per m3 of slab.",0.9
01U2Ox69TF78CjGAzXHAwi,IFCSLAB,01 - Entry Level,2,2.11,Formwork,Slab soffit formwork is implied by the slab it forms.,0.9
01U2Ox69TF78CjGAzXHAx$,IFCSLAB,01 - Entry Level,2,2.06,Concrete,"Suspended slab concrete, priced per m3 of slab.",0.9
01U2Ox69TF78CjGAzXHAx$,IFCSLAB,01 - Entry Level,2,2.11,Formwork,Slab soffit formwork is implied by the slab it forms.,0.9
01U2Ox69TF78CjGAzXHAxX,IFCSLAB,01 - Entry Level,2,2.06,Concrete,"Suspended slab concrete, priced per m3 of slab.",0.9
01U2Ox69TF78CjGAzXHAxX,IFCSLAB,01 - Entry Level,2,2.11,Formwork,Slab soffit formwork is implied by the slab it forms.,0.9
01U2Ox69TF78CjGAzXHAxw,IFCSLAB,01 - Entry Level,2,2.06,Concrete,"Suspended slab concrete, priced per m3 of slab.",0.9
01U2Ox69TF78CjGAzXHAxw,IFCSLAB,01 - Entry Level,2,2.11,Formwork,Slab soffit formwork is implied by the slab it forms.,0.9
01U2Ox69TF78CjGAzXHAxy,IFCSLAB,01 - Entry Level,2,2.06,Concrete,"Suspended slab concrete, priced per m3 of slab.",0.9
01U2Ox69TF78CjGAzXHAxy,IFCSLAB,01 - Entry Level,2,2.11,Formwork,Slab soffit formwork is implied by the slab it forms.,0.9
01U2Ox69TF78CjGAzXHAxz,IFCSLAB,01 - Entry Level,2,2.06,Concrete,"Suspended slab concrete, priced per m3 of slab.",0.9
01U2Ox69TF78CjGAzXHAxz,IFCSLAB,01 - Entry Level,2,2.11,Formwork,Slab soffit formwork is implied by the slab it forms.,0.9
01U2Ox69TF78CjGAzXHAy0,IFCSLAB,01 - Entry Level,2,2.06,Concrete,"Suspended slab concrete, priced per m3 of slab.",0.9
01U2Ox69TF78CjGAzXHAy0,IFCSLAB,01 - Entry Level,2,2.11,Formwork,Slab soffit formwork is implied by the slab it forms.,0.9
01U2Ox69TF78CjGAzXHAy1,IFCSLAB,01 - Entry Level,2,2.06,Concrete,"Suspended slab concrete, priced per m3 of slab.",0.9
01U2Ox69TF78CjGAzXHAy1,IFCSLAB,01 - Entry Level,2,2.11,Formwork,Slab soffit formwork is implied by the slab it forms.,0.9
01U2Ox69TF78CjGAzXHAy3,IFCSLAB,01 - Entry Level,2,2.06,Concrete,"Suspended slab concrete, priced per m3 of slab.",0.9
01U2Ox69TF78CjGAzXHAy3,IFCSLAB,01 - Entry Level,2,2.11,Formwork,Slab soffit formwork is implied by the slab it forms.,0.9
01U2Ox69TF78CjGAzXHAy5,IFCSLAB,01 - Entry Level,2,2.06,Concrete,"Suspended slab concrete, priced per m3 of slab.",0.9
01U2Ox69TF78CjGAzXHAy5,IFCSLAB,01 - Entry Level,2,2.11,Formwork,Slab soffit formwork is implied by the slab it forms.,0.9
01U2Ox69TF78CjGAzXHAyU,IFCSLAB,01 - Entry Level,2,2.06,Concrete,"Suspended slab concrete, priced per m3 of slab.",0.9
01U2Ox69TF78CjGAzXHAyU,IFCSLAB,01 - Entry Level,2,2.11,Formwork,Slab soffit formwork is implied by the slab it forms.,0.9
01U2Ox69TF78CjGAzXHCbq,IFCSLAB,01 - Entry Level,2,2.06,Concrete,"Suspended slab concrete, priced per m3 of slab.",0.9
01U2Ox69TF78CjGAzXHCbq,IFCSLAB,01 - Entry Level,2,2.11,Formwork,Slab soffit formwork is implied by the slab it forms.,0.9
01U2Ox69TF78CjGAzXHCbt,IFCSLAB,01 - Entry Level,2,2.06,Concrete,"Suspended slab concrete, priced per m3 of slab.",0.9
01U2Ox69TF78CjGAzXHCbt,IFCSLAB,01 - Entry Level,2,2.11,Formwork,Slab soffit formwork is implied by the slab it forms.,0.9
01U2Ox69TF78CjGAzXHCbv,IFCSLAB,01 - Entry Level,2,2.06,Concrete,"Suspended slab concrete, priced per m3 of slab.",0.9
01U2Ox69TF78CjGAzXHCbv,IFCSLAB,01 - Entry Level,2,2.11,Formwork,Slab soffit formwork is implied by the slab it forms.,0.9
01U2Ox69TF78CjGAzXHCcK,IFCSLAB,01 - Entry Level,2,2.06,Concrete,"Suspended slab concrete, priced per m3 of slab.",0.9
01U2Ox69TF78CjGAzXHCcK,IFCSLAB,01 - Entry Level,2,2.11,Formwork,Slab soffit formwork is implied by the slab it forms.,0.9
01U2Ox69TF78CjGAzXHCcL,IFCSLAB,01 - Entry Level,2,2.06,Concrete,"Suspended slab concrete, priced per m3 of slab.",0.9
01U2Ox69TF78CjGAzXHCcL,IFCSLAB,01 - Entry Level,2,2.11,Formwork,Slab soffit formwork is implied by the slab it forms.,0.9
01U2Ox69TF78CjGAzXHCcM,IFCSLAB,01 - Entry Level,2,2.06,Concrete,"Suspended slab concrete, priced per m3 of slab.",0.9
01U2Ox69TF78CjGAzXHCcM,IFCSLAB,01 - Entry Level,2,2.11,Formwork,Slab soffit formwork is implied by the slab it forms.,0.9
01U2Ox69TF78CjGAzXHCeQ,IFCSLAB,01 - Entry Level,2,2.06,Concrete,"Suspended slab concrete, priced per m3 of slab.",0.9
01U2Ox69TF78CjGAzXHCeQ,IFCSLAB,01 - Entry Level,2,2.11,Formwork,Slab soffit formwork is implied by the slab it forms.,0.9
01U2Ox69TF78CjGAzXHCeT,IFCSLAB,01 - Entry Level,2,2.06,Concrete,"Suspended slab concrete, priced per m3 of slab.",0.9
01U2Ox69TF78CjGAzXHCeT,IFCSLAB,01 - Entry Level,2,2.11,Formwork,Slab soffit formwork is implied by the slab it forms.,0.9
01U2Ox69TF78CjGAzXHCeV,IFCSLAB,01 - Entry Level,2,2.06,Concrete,"Suspended slab concrete, priced per m3 of slab.",0.9
01U2Ox69TF78CjGAzXHCeV,IFCSLAB,01 - Entry Level,2,2.11,Formwork,Slab soffit formwork is implied by the slab it forms.,0.9
01U2Ox69TF78CjGAzXHCgW,IFCSLAB,01 - Entry Level,2,2.06,Concrete,"Suspended slab concrete, priced per m3 of slab.",0.9
01U2Ox69TF78CjGAzXHCgW,IFCSLAB,01 - Entry Level,2,2.11,Formwork,Slab soffit formwork is implied by the slab it forms.,0.9
01U2Ox69TF78CjGAzXHCgX,IFCSLAB,01 - Entry Level,2,2.06,Concrete,"Suspended slab concrete, priced per m3 of slab.",0.9
01U2Ox69TF78CjGAzXHCgX,IFCSLAB,01 - Entry Level,2,2.11,Formwork,Slab soffit formwork is implied by the slab it forms.,0.9
01U2Ox69TF78CjGAzXHCgY,IFCSLAB,01 - Entry Level,2,2.06,Concrete,"Suspended slab concrete, priced per m3 of slab.",0.9
01U2Ox69TF78CjGAzXHCgY,IFCSLAB,01 - Entry Level,2,2.11,Formwork,Slab soffit formwork is implied by the slab it forms.,0.9
01U2Ox69TF78CjGAzXHCiC,IFCSLAB,01 - Entry Level,2,2.06,Concrete,"Suspended slab concrete, priced per m3 of slab.",0.9
01U2Ox69TF78CjGAzXHCiC,IFCSLAB,01 - Entry Level,2,2.11,Formwork,Slab soffit formwork is implied by the slab it forms.,0.9
01U2Ox69TF78CjGAzXHCiD,IFCSLAB,01 - Entry Level,2,2.06,Concrete,"Suspended slab concrete, priced per m3 of slab.",0.9
01U2Ox69TF78CjGAzXHCiD,IFCSLAB,01 - Entry Level,2,2.11,Formwork,Slab soffit formwork is implied by the slab it forms.,0.9
01U2Ox69TF78CjGAzXHCiE,IFCSLAB,01 - Entry Level,2,2.06,Concrete,"Suspended slab concrete, priced per m3 of slab.",0.9
01U2Ox69TF78CjGAzXHCiE,IFCSLAB,01 - Entry Level,2,2.11,Formwork,Slab soffit formwork is implied by the slab it forms.,0.9
01U2Ox69TF78CjGAzXHCjI,IFCSLAB,01 - Entry Level,2,2.06,Concrete,"Suspended slab concrete, priced per m3 of slab.",0.9
01U2Ox69TF78CjGAzXHCjI,IFCSLAB,01 - Entry Level,2,2.11,Formwork,Slab soffit formwork is implied by the slab it forms.,0.9
01U2Ox69TF78CjGAzXHCjL,IFCSLAB,01 - Entry Level,2,2.06,Concrete,"Suspended slab concrete, priced per m3 of slab.",0.9
01U2Ox69TF78CjGAzXHCjL,IFCSLAB,01 - Entry Level,2,2.11,Formwork,Slab soffit formwork is implied by the slab it forms.,0.9
01U2Ox69TF78CjGAzXHCjN,IFCSLAB,01 - Entry Level,2,2.06,Concrete,"Suspended slab concrete, priced per m3 of slab.",0.9
01U2Ox69TF78CjGAzXHCjN,IFCSLAB,01 - Entry Level,2,2.11,Formwork,Slab soffit formwork is implied by the slab it forms.,0.9
01U2Ox69TF78CjGAzXHDI1,IFCSLAB,01 - Entry Level,2,2.06,Concrete,"Suspended slab concrete, priced per m3 of slab.",0.9
01U2Ox69TF78CjGAzXHDI1,IFCSLAB,01 - Entry Level,2,2.11,Formwork,Slab soffit formwork is implied by the slab it forms.,0.9
01U2Ox69TF78CjGAzXHDIS,IFCSLAB,01 - Entry Level,2,2.06,Concrete,"Suspended slab concrete, priced per m3 of slab.",0.9
01U2Ox69TF78CjGAzXHDIS,IFCSLAB,01 - Entry Level,2,2.11,Formwork,Slab soffit formwork is implied by the slab it forms.,0.9
01U2Ox69TF78CjGAzXHDIV,IFCSLAB,01 - Entry Level,2,2.06,Concrete,"Suspended slab concrete, priced per m3 of slab.",0.9
01U2Ox69TF78CjGAzXHDIV,IFCSLAB,01 - Entry Level,2,2.11,Formwork,Slab soffit formwork is implied by the slab it forms.,0.9
01U2Ox69TF78CjGAzXHDKa,IFCSLAB,01 - Entry Level,2,2.06,Concrete,"Suspended slab concrete, priced per m3 of slab.",0.9
01U2Ox69TF78CjGAzXHDKa,IFCSLAB,01 - Entry Level,2,2.11,Formwork,Slab soffit formwork is implied by the slab it forms.,0.9
01U2Ox69TF78CjGAzXHDKd,IFCSLAB,01 - Entry Level,2,2.06,Concrete,"Suspended slab concrete, priced per m3 of slab.",0.9
01U2Ox69TF78CjGAzXHDKd,IFCSLAB,01 - Entry Level,2,2.11,Formwork,Slab soffit formwork is implied by the slab it forms.,0.9
01U2Ox69TF78CjGAzXHDKf,IFCSLAB,01 - Entry Level,2,2.06,Concrete,"Suspended slab concrete, priced per m3 of slab.",0.9
01U2Ox69TF78CjGAzXHDKf,IFCSLAB,01 - Entry Level,2,2.11,Formwork,Slab soffit formwork is implied by the slab it forms.,0.9
01U2Ox69TF78CjGAzXHDLS,IFCSLAB,01 - Entry Level,2,2.06,Concrete,"Suspended slab concrete, priced per m3 of slab.",0.9
01U2Ox69TF78CjGAzXHDLS,IFCSLAB,01 - Entry Level,2,2.11,Formwork,Slab soffit formwork is implied by the slab it forms.,0.9
01U2Ox69TF78CjGAzXHDLT,IFCSLAB,01 - Entry Level,2,2.06,Concrete,"Suspended slab concrete, priced per m3 of slab.",0.9
01U2Ox69TF78CjGAzXHDLT,IFCSLAB,01 - Entry Level,2,2.11,Formwork,Slab soffit formwork is implied by the slab it forms.,0.9
01U2Ox69TF78CjGAzXHDLU,IFCSLAB,01 - Entry Level,2,2.06,Concrete,"Suspended slab concrete, priced per m3 of slab.",0.9
01U2Ox69TF78CjGAzXHDLU,IFCSLAB,01 - Entry Level,2,2.11,Formwork,Slab soffit formwork is implied by the slab it forms.,0.9
01U2Ox69TF78CjGAzXHDM0,IFCSLAB,01 - Entry Level,2,2.06,Concrete,"Suspended slab concrete, priced per m3 of slab.",0.9
01U2Ox69TF78CjGAzXHDM0,IFCSLAB,01 - Entry Level,2,2.11,Formwork,Slab soffit formwork is implied by the slab it forms.,0.9
01U2Ox69TF78CjGAzXHDM3,IFCSLAB,01 - Entry Level,2,2.06,Concrete,"Suspended slab concrete, priced per m3 of slab.",0.9
01U2Ox69TF78CjGAzXHDM3,IFCSLAB,01 - Entry Level,2,2.11,Formwork,Slab soffit formwork is implied by the slab it forms.,0.9
01U2Ox69TF78CjGAzXHDM5,IFCSLAB,01 - Entry Level,2,2.06,Concrete,"Suspended slab concrete, priced per m3 of slab.",0.9
01U2Ox69TF78CjGAzXHDM5,IFCSLAB,01 - Entry Level,2,2.11,Formwork,Slab soffit formwork is implied by the slab it forms.,0.9
01U2Ox69TF78CjGAzXHDMq,IFCSLAB,01 - Entry Level,2,2.06,Concrete,"Suspended slab concrete, priced per m3 of slab.",0.9
01U2Ox69TF78CjGAzXHDMq,IFCSLAB,01 - Entry Level,2,2.11,Formwork,Slab soffit formwork is implied by the slab it forms.,0.9
01U2Ox69TF78CjGAzXHDMr,IFCSLAB,01 - Entry Level,2,2.06,Concrete,"Suspended slab concrete, priced per m3 of slab.",0.9
01U2Ox69TF78CjGAzXHDMr,IFCSLAB,01 - Entry Level,2,2.11,Formwork,Slab soffit formwork is implied by the slab it forms.,0.9
01U2Ox69TF78CjGAzXHDMs,IFCSLAB,01 - Entry Level,2,2.06,Concrete,"Suspended slab concrete, priced per m3 of slab.",0.9
01U2Ox69TF78CjGAzXHDMs,IFCSLAB,01 - Entry Level,2,2.11,Formwork,Slab soffit formwork is implied by the slab it forms.,0.9
01U2Ox69TF78CjGAzXHDNK,IFCSLAB,01 - Entry Level,2,2.06,Concrete,"Suspended slab concrete, priced per m3 of slab.",0.9
01U2Ox69TF78CjGAzXHDNK,IFCSLAB,01 - Entry Level,2,2.11,Formwork,Slab soffit formwork is implied by the slab it forms.,0.9
01U2Ox69TF78CjGAzXHDNL,IFCSLAB,01 - Entry Level,2,2.06,Concrete,"Suspended slab concrete, priced per m3 of slab.",0.9
01U2Ox69TF78CjGAzXHDNL,IFCSLAB,01 - Entry Level,2,2.11,Formwork,Slab soffit formwork is implied by the slab it forms.,0.9
01U2Ox69TF78CjGAzXHDNM,IFCSLAB,01 - Entry Level,2,2.06,Concrete,"Suspended slab concrete, priced per m3 of slab.",0.9
01U2Ox69TF78CjGAzXHDNM,IFCSLAB,01 - Entry Level,2,2.11,Formwork,Slab soffit formwork is implied by the slab it forms.,0.9
01U2Ox69TF78CjGAzXHDPa,IFCSLAB,01 - Entry Level,2,2.06,Concrete,"Suspended slab concrete, priced per m3 of slab.",0.9
01U2Ox69TF78CjGAzXHDPa,IFCSLAB,01 - Entry Level,2,2.11,Formwork,Slab soffit formwork is implied by the slab it forms.,0.9
01U2Ox69TF78CjGAzXHDPd,IFCSLAB,01 - Entry Level,2,2.06,Concrete,"Suspended slab concrete, priced per m3 of slab.",0.9
01U2Ox69TF78CjGAzXHDPd,IFCSLAB,01 - Entry Level,2,2.11,Formwork,Slab soffit formwork is implied by the slab it forms.,0.9
01U2Ox69TF78CjGAzXHDPf,IFCSLAB,01 - Entry Level,2,2.06,Concrete,"Suspended slab concrete, priced per m3 of slab.",0.9
01U2Ox69TF78CjGAzXHDPf,IFCSLAB,01 - Entry Level,2,2.11,Formwork,Slab soffit formwork is implied by the slab it forms.,0.9
01U2Ox69TF78CjGAzXHDQK,IFCSLAB,01 - Entry Level,2,2.06,Concrete,"Suspended slab concrete, priced per m3 of slab.",0.9
01U2Ox69TF78CjGAzXHDQK,IFCSLAB,01 - Entry Level,2,2.11,Formwork,Slab soffit formwork is implied by the slab it forms.,0.9
01U2Ox69TF78CjGAzXHDQN,IFCSLAB,01 - Entry Level,2,2.06,Concrete,"Suspended slab concrete, priced per m3 of slab.",0.9
01U2Ox69TF78CjGAzXHDQN,IFCSLAB,01 - Entry Level,2,2.11,Formwork,Slab soffit formwork is implied by the slab it forms.,0.9
01U2Ox69TF78CjGAzXHDQP,IFCSLAB,01 - Entry Level,2,2.06,Concrete,"Suspended slab concrete, priced per m3 of slab.",0.9
01U2Ox69TF78CjGAzXHDQP,IFCSLAB,01 - Entry Level,2,2.11,Formwork,Slab soffit formwork is implied by the slab it forms.,0.9
01U2Ox69TF78CjGAzXHDQm,IFCSLAB,01 - Entry Level,2,2.06,Concrete,"Suspended slab concrete, priced per m3 of slab.",0.9
01U2Ox69TF78CjGAzXHDQm,IFCSLAB,01 - Entry Level,2,2.11,Formwork,Slab soffit formwork is implied by the slab it forms.,0.9
01U2Ox69TF78CjGAzXHDQn,IFCSLAB,01 - Entry Level,2,2.06,Concrete,"Suspended slab concrete, priced per m3 of slab.",0.9
01U2Ox69TF78CjGAzXHDQn,IFCSLAB,01 - Entry Level,2,2.11,Formwork,Slab soffit formwork is implied by the slab it forms.,0.9
01U2Ox69TF78CjGAzXHDQo,IFCSLAB,01 - Entry Level,2,2.06,Concrete,"Suspended slab concrete, priced per m3 of slab.",0.9
01U2Ox69TF78CjGAzXHDQo,IFCSLAB,01 - Entry Level,2,2.11,Formwork,Slab soffit formwork is implied by the slab it forms.,0.9
01U2Ox69TF78CjGAzXHDR2,IFCSLAB,01 - Entry Level,2,2.06,Concrete,"Suspended slab concrete, priced per m3 of slab.",0.9
01U2Ox69TF78CjGAzXHDR2,IFCSLAB,01 - Entry Level,2,2.11,Formwork,Slab soffit formwork is implied by the slab it forms.,0.9
01U2Ox69TF78CjGAzXHDR3,IFCSLAB,01 - Entry Level,2,2.06,Concrete,"Suspended slab concrete, priced per m3 of slab.",0.9
01U2Ox69TF78CjGAzXHDR3,IFCSLAB,01 - Entry Level,2,2.11,Formwork,Slab soffit formwork is implied by the slab it forms.,0.9
01U2Ox69TF78CjGAzXHDR4,IFCSLAB,01 - Entry Level,2,2.06,Concrete,"Suspended slab concrete, priced per m3 of slab.",0.9
01U2Ox69TF78CjGAzXHDR4,IFCSLAB,01 - Entry Level,2,2.11,Formwork,Slab soffit formwork is implied by the slab it forms.,0.9
01U2Ox69TF78CjGAzXHDU$,IFCSLAB,01 - Entry Level,2,2.06,Concrete,"Suspended slab concrete, priced per m3 of slab.",0.9
01U2Ox69TF78CjGAzXHDU$,IFCSLAB,01 - Entry Level,2,2.11,Formwork,Slab soffit formwork is implied by the slab it forms.,0.9
01U2Ox69TF78CjGAzXHDUX,IFCSLAB,01 - Entry Level,2,2.06,Concrete,"Suspended slab concrete, priced per m3 of slab.",0.9
01U2Ox69TF78CjGAzXHDUX,IFCSLAB,01 - Entry Level,2,2.11,Formwork,Slab soffit formwork is implied by the slab it forms.,0.9
01U2Ox69TF78CjGAzXHDUy,IFCSLAB,01 - Entry Level,2,2.06,Concrete,"Suspended slab concrete, priced per m3 of slab.",0.9
01U2Ox69TF78CjGAzXHDUy,IFCSLAB,01 - Entry Level,2,2.11,Formwork,Slab soffit formwork is implied by the slab it forms.,0.9
01U2Ox69TF78CjGAzXHDXQ,IFCSLAB,01 - Entry Level,2,2.06,Concrete,"Suspended slab concrete, priced per m3 of slab.",0.9
01U2Ox69TF78CjGAzXHDXQ,IFCSLAB,01 - Entry Level,2,2.11,Formwork,Slab soffit formwork is implied by the slab it forms.,0.9
01U2Ox69TF78CjGAzXHDXT,IFCSLAB,01 - Entry Level,2,2.06,Concrete,"Suspended slab concrete, priced per m3 of slab.",0.9
01U2Ox69TF78CjGAzXHDXT,IFCSLAB,01 - Entry Level,2,2.11,Formwork,Slab soffit formwork is implied by the slab it forms.,0.9
01U2Ox69TF78CjGAzXHDXV,IFCSLAB,01 - Entry Level,2,2.06,Concrete,"Suspended slab concrete, priced per m3 of slab.",0.9
01U2Ox69TF78CjGAzXHDXV,IFCSLAB,01 - Entry Level,2,2.11,Formwork,Slab soffit formwork is implied by the slab it forms.,0.9
01U2Ox69TF78CjGAzXHDYH,IFCSLAB,01 - Entry Level,2,2.06,Concrete,"Suspended slab concrete, priced per m3 of slab.",0.9
01U2Ox69TF78CjGAzXHDYH,IFCSLAB,01 - Entry Level,2,2.11,Formwork,Slab soffit formwork is implied by the slab it forms.,0.9
01U2Ox69TF78CjGAzXHDYJ,IFCSLAB,01 - Entry Level,2,2.06,Concrete,"Suspended slab concrete, priced per m3 of slab.",0.9
01U2Ox69TF78CjGAzXHDYJ,IFCSLAB,01 - Entry Level,2,2.11,Formwork,Slab soffit formwork is implied by the slab it forms.,0.9
01U2Ox69TF78CjGAzXHDYk,IFCSLAB,01 - Entry Level,2,2.06,Concrete,"Suspended slab concrete, priced per m3 of slab.",0.9
01U2Ox69TF78CjGAzXHDYk,IFCSLAB,01 - Entry Level,2,2.11,Formwork,Slab soffit formwork is implied by the slab it forms.,0.9
01U2Ox69TF78CjGAzXHDZ2,IFCSLAB,01 - Entry Level,2,2.06,Concrete,"Suspended slab concrete, priced per m3 of slab.",0.9
01U2Ox69TF78CjGAzXHDZ2,IFCSLAB,01 - Entry Level,2,2.11,Formwork,Slab soffit formwork is implied by the slab it forms.,0.9
01U2Ox69TF78CjGAzXHDZ3,IFCSLAB,01 - Entry Level,2,2.06,Concrete,"Suspended slab concrete, priced per m3 of slab.",0.9
01U2Ox69TF78CjGAzXHDZ3,IFCSLAB,01 - Entry Level,2,2.11,Formwork,Slab soffit formwork is implied by the slab it forms.,0.9
01U2Ox69TF78CjGAzXHDZ4,IFCSLAB,01 - Entry Level,2,2.06,Concrete,"Suspended slab concrete, priced per m3 of slab.",0.9
01U2Ox69TF78CjGAzXHDZ4,IFCSLAB,01 - Entry Level,2,2.11,Formwork,Slab soffit formwork is implied by the slab it forms.,0.9
01U2Ox69TF78CjGAzXHDbu,IFCSLAB,01 - Entry Level,2,2.06,Concrete,"Suspended slab concrete, priced per m3 of slab.",0.9
01U2Ox69TF78CjGAzXHDbu,IFCSLAB,01 - Entry Level,2,2.11,Formwork,Slab soffit formwork is implied by the slab it forms.,0.9
01U2Ox69TF78CjGAzXHDbv,IFCSLAB,01 - Entry Level,2,2.06,Concrete,"Suspended slab concrete, priced per m3 of slab.",0.9
01U2Ox69TF78CjGAzXHDbv,IFCSLAB,01 - Entry Level,2,2.11,Formwork,Slab soffit formwork is implied by the slab it forms.,0.9
01U2Ox69TF78CjGAzXHDbw,IFCSLAB,01 - Entry Level,2,2.06,Concrete,"Suspended slab concrete, priced per m3 of slab.",0.9
01U2Ox69TF78CjGAzXHDbw,IFCSLAB,01 - Entry Level,2,2.11,Formwork,Slab soffit formwork is implied by the slab it forms.,0.9
01U2Ox69TF78CjGAzXHDcu,IFCSLAB,01 - Entry Level,2,2.06,Concrete,"Suspended slab concrete, priced per m3 of slab.",0.9
01U2Ox69TF78CjGAzXHDcu,IFCSLAB,01 - Entry Level,2,2.11,Formwork,Slab soffit formwork is implied by the slab it forms.,0.9
01U2Ox69TF78CjGAzXHDcv,IFCSLAB,01 - Entry Level,2,2.06,Concrete,"Suspended slab concrete, priced per m3 of slab.",0.9
01U2Ox69TF78CjGAzXHDcv,IFCSLAB,01 - Entry Level,2,2.11,Formwork,Slab soffit formwork is implied by the slab it forms.,0.9
01U2Ox69TF78CjGAzXHDcw,IFCSLAB,01 - Entry Level,2,2.06,Concrete,"Suspended slab concrete, priced per m3 of slab.",0.9
01U2Ox69TF78CjGAzXHDcw,IFCSLAB,01 - Entry Level,2,2.11,Formwork,Slab soffit formwork is implied by the slab it forms.,0.9
01U2Ox69TF78CjGAzXHDlb,IFCCOLUMN,01 - Entry Level,2,2.04,Concrete,"Column concrete, priced per m3 of column.",0.9
01U2Ox69TF78CjGAzXHDlb,IFCCOLUMN,01 - Entry Level,2,2.09,Formwork,Column formwork is implied by the column it forms.,0.9
01U2Ox69TF78CjGAzXHDo0,IFCSLAB,01 - Entry Level,2,2.06,Concrete,"Suspended slab concrete, priced per m3 of slab.",0.9
01U2Ox69TF78CjGAzXHDo0,IFCSLAB,01 - Entry Level,2,2.11,Formwork,Slab soffit formwork is implied by the slab it forms.,0.9
01U2Ox69TF78CjGAzXHDo3,IFCSLAB,01 - Entry Level,2,2.06,Concrete,"Suspended slab concrete, priced per m3 of slab.",0.9
01U2Ox69TF78CjGAzXHDo3,IFCSLAB,01 - Entry Level,2,2.11,Formwork,Slab soffit formwork is implied by the slab it forms.,0.9
01U2Ox69TF78CjGAzXHDo5,IFCSLAB,01 - Entry Level,2,2.06,Concrete,"Suspended slab concrete, priced per m3 of slab.",0.9
01U2Ox69TF78CjGAzXHDo5,IFCSLAB,01 - Entry Level,2,2.11,Formwork,Slab soffit formwork is implied by the slab it forms.,0.9
01U2Ox69TF78CjGAzXHDr8,IFCSLAB,01 - Entry Level,2,2.06,Concrete,"Suspended slab concrete, priced per m3 of slab.",0.9
01U2Ox69TF78CjGAzXHDr8,IFCSLAB,01 - Entry Level,2,2.11,Formwork,Slab soffit formwork is implied by the slab it forms.,0.9
01U2Ox69TF78CjGAzXHDr9,IFCSLAB,01 - Entry Level,2,2.06,Concrete,"Suspended slab concrete, priced per m3 of slab.",0.9
01U2Ox69TF78CjGAzXHDr9,IFCSLAB,01 - Entry Level,2,2.11,Formwork,Slab soffit formwork is implied by the slab it forms.,0.9
01U2Ox69TF78CjGAzXHDrA,IFCSLAB,01 - Entry Level,2,2.06,Concrete,"Suspended slab concrete, priced per m3 of slab.",0.9
01U2Ox69TF78CjGAzXHDrA,IFCSLAB,01 - Entry Level,2,2.11,Formwork,Slab soffit formwork is implied by the slab it forms.,0.9
01U2Ox69TF78CjGAzXHDwA,IFCSLAB,01 - Entry Level,2,2.06,Concrete,"Suspended slab concrete, priced per m3 of slab.",0.9
01U2Ox69TF78CjGAzXHDwA,IFCSLAB,01 - Entry Level,2,2.11,Formwork,Slab soffit formwork is implied by the slab it forms.,0.9
01U2Ox69TF78CjGAzXHDwB,IFCSLAB,01 - Entry Level,2,2.06,Concrete,"Suspended slab concrete, priced per m3 of slab.",0.9
01U2Ox69TF78CjGAzXHDwB,IFCSLAB,01 - Entry Level,2,2.11,Formwork,Slab soffit formwork is implied by the slab it forms.,0.9
01U2Ox69TF78CjGAzXHDwC,IFCSLAB,01 - Entry Level,2,2.06,Concrete,"Suspended slab concrete, priced per m3 of slab.",0.9
01U2Ox69TF78CjGAzXHDwC,IFCSLAB,01 - Entry Level,2,2.11,Formwork,Slab soffit formwork is implied by the slab it forms.,0.9
01U2Ox69TF78CjGAzXHDzg,IFCSLAB,01 - Entry Level,2,2.06,Concrete,"Suspended slab concrete, priced per m3 of slab.",0.9
01U2Ox69TF78CjGAzXHDzg,IFCSLAB,01 - Entry Level,2,2.11,Formwork,Slab soffit formwork is implied by the slab it forms.,0.9
01U2Ox69TF78CjGAzXHDzj,IFCSLAB,01 - Entry Level,2,2.06,Concrete,"Suspended slab concrete, priced per m3 of slab.",0.9
01U2Ox69TF78CjGAzXHDzj,IFCSLAB,01 - Entry Level,2,2.11,Formwork,Slab soffit formwork is implied by the slab it forms.,0.9
01U2Ox69TF78CjGAzXHDzl,IFCSLAB,01 - Entry Level,2,2.06,Concrete,"Suspended slab concrete, priced per m3 of slab.",0.9
01U2Ox69TF78CjGAzXHDzl,IFCSLAB,01 - Entry Level,2,2.11,Formwork,Slab soffit formwork is implied by the slab it forms.,0.9
02KFoBN5j9LQH$OVDzpXdj,IFCMEMBER,,,,Unmapped,No item in this bill covers this element class.,0.0
02KFoBN5j9LQH$OVDzpXdk,IFCMEMBER,,,,Unmapped,No item in this bill covers this element class.,0.0
02KFoBN5j9LQH$OVDzpXdl,IFCMEMBER,,,,Unmapped,No item in this bill covers this element class.,0.0
02KFoBN5j9LQH$OVDzpXdm,IFCMEMBER,,,,Unmapped,No item in this bill covers this element class.,0.0
02KFoBN5j9LQH$OVDzpXdn,IFCMEMBER,,,,Unmapped,No item in this bill covers this element class.,0.0
02KFoBN5j9LQH$OVDzpXdo,IFCMEMBER,,,,Unmapped,No item in this bill covers this element class.,0.0
02KFoBN5j9LQH$OVDzpXdp,IFCMEMBER,,,,Unmapped,No item in this bill covers this element class.,0.0
02KFoBN5j9LQH$OVDzpXdr,IFCMEMBER,,,,Unmapped,No item in this bill covers this element class.,0.0
02KFoBN5j9LQH$OVDzpXds,IFCMEMBER,,,,Unmapped,No item in this bill covers this element class.,0.0
02KFoBN5j9LQH$OVDzpXdt,IFCMEMBER,,,,Unmapped,No item in this bill covers this element class.,0.0
02KFoBN5j9LQH$OVDzpXdv,IFCMEMBER,,,,Unmapped,No item in this bill covers this element class.,0.0
02KFoBN5j9LQH$OVDzpXdw,IFCBEAM,,,,Unmapped,The bill prices no beam concrete -- there is no beam item in any section. This is scope the model contains and the estimate never priced.,0.0
02KFoBN5j9LQH$OVDzpXdx,IFCBEAM,,,,Unmapped,The bill prices no beam concrete -- there is no beam item in any section. This is scope the model contains and the estimate never priced.,0.0
03xCtbdOn27BjzGcbkcHa5,IFCBEAM,02 - Floor,,,Unmapped,The bill prices no beam concrete -- there is no beam item in any section. This is scope the model contains and the estimate never priced.,0.0
09KD49MHTAmgrPjP7hgCPZ,IFCBEAM,02 - Floor,,,Unmapped,The bill prices no beam concrete -- there is no beam item in any section. This is scope the model contains and the estimate never priced.,0.0
09KD49MHTAmgrPjP7hgCV4,IFCBEAM,02 - Floor,,,Unmapped,The bill prices no beam concrete -- there is no beam item in any section. This is scope the model contains and the estimate never priced.,0.0
0aYFEk44n5JQyLfEcxCIcA,IFCSLAB,02 - Floor,2,2.06,Concrete,"Suspended slab concrete, priced per m3 of slab.",0.9
0aYFEk44n5JQyLfEcxCIcA,IFCSLAB,02 - Floor,2,2.11,Formwork,Slab soffit formwork is implied by the slab it forms.,0.9
15kM$yjmD0FxNxtEUi7rG8,IFCBEAM,,,,Unmapped,The bill prices no beam concrete -- there is no beam item in any section. This is scope the model contains and the estimate never priced.,0.0
15kM$yjmD0FxNxtEUi7rG9,IFCBEAM,,,,Unmapped,The bill prices no beam concrete -- there is no beam item in any section. This is scope the model contains and the estimate never priced.,0.0
15kM$yjmD0FxNxtEUi7rGA,IFCBEAM,,,,Unmapped,The bill prices no beam concrete -- there is no beam item in any section. This is scope the model contains and the estimate never priced.,0.0
15kM$yjmD0FxNxtEUi7rH9,IFCBEAM,,,,Unmapped,The bill prices no beam concrete -- there is no beam item in any section. This is scope the model contains and the estimate never priced.,0.0
15kM$yjmD0FxNxtEUi7rHA,IFCBEAM,,,,Unmapped,The bill prices no beam concrete -- there is no beam item in any section. This is scope the model contains and the estimate never priced.,0.0
15kM$yjmD0FxNxtEUi7rHB,IFCBEAM,,,,Unmapped,The bill prices no beam concrete -- there is no beam item in any section. This is scope the model contains and the estimate never priced.,0.0
15kM$yjmD0FxNxtEUi7rIr,IFCBEAM,,,,Unmapped,The bill prices no beam concrete -- there is no beam item in any section. This is scope the model contains and the estimate never priced.,0.0
15kM$yjmD0FxNxtEUi7rIs,IFCBEAM,,,,Unmapped,The bill prices no beam concrete -- there is no beam item in any section. This is scope the model contains and the estimate never priced.,0.0
15kM$yjmD0FxNxtEUi7rIt,IFCBEAM,,,,Unmapped,The bill prices no beam concrete -- there is no beam item in any section. This is scope the model contains and the estimate never priced.,0.0
15kM$yjmD0FxNxtEUi7rVe,IFCBEAM,,,,Unmapped,The bill prices no beam concrete -- there is no beam item in any section. This is scope the model contains and the estimate never priced.,0.0
15kM$yjmD0FxNxtEUi7rVf,IFCBEAM,,,,Unmapped,The bill prices no beam concrete -- there is no beam item in any section. This is scope the model contains and the estimate never priced.,0.0
15kM$yjmD0FxNxtEUi7rVg,IFCBEAM,,,,Unmapped,The bill prices no beam concrete -- there is no beam item in any section. This is scope the model contains and the estimate never priced.,0.0
17qC4eX$v65AOIXuxtQbm1,IFCBEAM,,,,Unmapped,The bill prices no beam concrete -- there is no beam item in any section. This is scope the model contains and the estimate never priced.,0.0
17qC4eX$v65AOIXuxtQbm3,IFCBEAM,,,,Unmapped,The bill prices no beam concrete -- there is no beam item in any section. This is scope the model contains and the estimate never priced.,0.0
17qC4eX$v65AOIXuxtQbm5,IFCBEAM,,,,Unmapped,The bill prices no beam concrete -- there is no beam item in any section. This is scope the model contains and the estimate never priced.,0.0
17qC4eX$v65AOIXuxtQbm7,IFCBEAM,,,,Unmapped,The bill prices no beam concrete -- there is no beam item in any section. This is scope the model contains and the estimate never priced.,0.0
17qC4eX$v65AOIXuxtQbmF,IFCBEAM,,,,Unmapped,The bill prices no beam concrete -- there is no beam item in any section. This is scope the model contains and the estimate never priced.,0.0
17qC4eX$v65AOIXuxtQbmP,IFCBEAM,,,,Unmapped,The bill prices no beam concrete -- there is no beam item in any section. This is scope the model contains and the estimate never priced.,0.0
17qC4eX$v65AOIXuxtQbmR,IFCBEAM,,,,Unmapped,The bill prices no beam concrete -- there is no beam item in any section. This is scope the model contains and the estimate never priced.,0.0
18YHwga450Mw4Fy6M5t_8$,IFCCOLUMN,01 - Entry Level,2,2.04,Concrete,"Column concrete, priced per m3 of column.",0.9
18YHwga450Mw4Fy6M5t_8$,IFCCOLUMN,01 - Entry Level,2,2.09,Formwork,Column formwork is implied by the column it forms.,0.9
18YHwga450Mw4Fy6M5t_82,IFCCOLUMN,01 - Entry Level,2,2.04,Concrete,"Column concrete, priced per m3 of column.",0.9
18YHwga450Mw4Fy6M5t_82,IFCCOLUMN,01 - Entry Level,2,2.09,Formwork,Column formwork is implied by the column it forms.,0.9
18YHwga450Mw4Fy6M5t_83,IFCCOLUMN,01 - Entry Level,2,2.04,Concrete,"Column concrete, priced per m3 of column.",0.9
18YHwga450Mw4Fy6M5t_83,IFCCOLUMN,01 - Entry Level,2,2.09,Formwork,Column formwork is implied by the column it forms.,0.9
18YHwga450Mw4Fy6M5t_84,IFCCOLUMN,01 - Entry Level,2,2.04,Concrete,"Column concrete, priced per m3 of column.",0.9
18YHwga450Mw4Fy6M5t_84,IFCCOLUMN,01 - Entry Level,2,2.09,Formwork,Column formwork is implied by the column it forms.,0.9
18YHwga450Mw4Fy6M5t_87,IFCCOLUMN,01 - Entry Level,2,2.04,Concrete,"Column concrete, priced per m3 of column.",0.9
18YHwga450Mw4Fy6M5t_87,IFCCOLUMN,01 - Entry Level,2,2.09,Formwork,Column formwork is implied by the column it forms.,0.9
18YHwga450Mw4Fy6M5t_88,IFCCOLUMN,01 - Entry Level,2,2.04,Concrete,"Column concrete, priced per m3 of column.",0.9
18YHwga450Mw4Fy6M5t_88,IFCCOLUMN,01 - Entry Level,2,2.09,Formwork,Column formwork is implied by the column it forms.,0.9
18YHwga450Mw4Fy6M5t_8A,IFCCOLUMN,01 - Entry Level,2,2.04,Concrete,"Column concrete, priced per m3 of column.",0.9
18YHwga450Mw4Fy6M5t_8A,IFCCOLUMN,01 - Entry Level,2,2.09,Formwork,Column formwork is implied by the column it forms.,0.9
18YHwga450Mw4Fy6M5t_8B,IFCCOLUMN,01 - Entry Level,2,2.04,Concrete,"Column concrete, priced per m3 of column.",0.9
18YHwga450Mw4Fy6M5t_8B,IFCCOLUMN,01 - Entry Level,2,2.09,Formwork,Column formwork is implied by the column it forms.,0.9
18YHwga450Mw4Fy6M5t_8F,IFCCOLUMN,01 - Entry Level,2,2.04,Concrete,"Column concrete, priced per m3 of column.",0.9
18YHwga450Mw4Fy6M5t_8F,IFCCOLUMN,01 - Entry Level,2,2.09,Formwork,Column formwork is implied by the column it forms.,0.9
18YHwga450Mw4Fy6M5t_8I,IFCCOLUMN,01 - Entry Level,2,2.04,Concrete,"Column concrete, priced per m3 of column.",0.9
18YHwga450Mw4Fy6M5t_8I,IFCCOLUMN,01 - Entry Level,2,2.09,Formwork,Column formwork is implied by the column it forms.,0.9
18YHwga450Mw4Fy6M5t_8J,IFCCOLUMN,01 - Entry Level,2,2.04,Concrete,"Column concrete, priced per m3 of column.",0.9
18YHwga450Mw4Fy6M5t_8J,IFCCOLUMN,01 - Entry Level,2,2.09,Formwork,Column formwork is implied by the column it forms.,0.9
18YHwga450Mw4Fy6M5t_8L,IFCCOLUMN,01 - Entry Level,2,2.04,Concrete,"Column concrete, priced per m3 of column.",0.9
18YHwga450Mw4Fy6M5t_8L,IFCCOLUMN,01 - Entry Level,2,2.09,Formwork,Column formwork is implied by the column it forms.,0.9
18YHwga450Mw4Fy6M5t_8M,IFCCOLUMN,01 - Entry Level,2,2.04,Concrete,"Column concrete, priced per m3 of column.",0.9
18YHwga450Mw4Fy6M5t_8M,IFCCOLUMN,01 - Entry Level,2,2.09,Formwork,Column formwork is implied by the column it forms.,0.9
18YHwga450Mw4Fy6M5t_8Q,IFCCOLUMN,01 - Entry Level,2,2.04,Concrete,"Column concrete, priced per m3 of column.",0.9
18YHwga450Mw4Fy6M5t_8Q,IFCCOLUMN,01 - Entry Level,2,2.09,Formwork,Column formwork is implied by the column it forms.,0.9
18YHwga450Mw4Fy6M5t_8R,IFCCOLUMN,01 - Entry Level,2,2.04,Concrete,"Column concrete, priced per m3 of column.",0.9
18YHwga450Mw4Fy6M5t_8R,IFCCOLUMN,01 - Entry Level,2,2.09,Formwork,Column formwork is implied by the column it forms.,0.9
18YHwga450Mw4Fy6M5t_8Y,IFCCOLUMN,01 - Entry Level,2,2.04,Concrete,"Column concrete, priced per m3 of column.",0.9
18YHwga450Mw4Fy6M5t_8Y,IFCCOLUMN,01 - Entry Level,2,2.09,Formwork,Column formwork is implied by the column it forms.,0.9
18YHwga450Mw4Fy6M5t_8Z,IFCCOLUMN,01 - Entry Level,2,2.04,Concrete,"Column concrete, priced per m3 of column.",0.9
18YHwga450Mw4Fy6M5t_8Z,IFCCOLUMN,01 - Entry Level,2,2.09,Formwork,Column formwork is implied by the column it forms.,0.9
18YHwga450Mw4Fy6M5t_8_,IFCCOLUMN,01 - Entry Level,2,2.04,Concrete,"Column concrete, priced per m3 of column.",0.9
18YHwga450Mw4Fy6M5t_8_,IFCCOLUMN,01 - Entry Level,2,2.09,Formwork,Column formwork is implied by the column it forms.,0.9
18YHwga450Mw4Fy6M5t_8c,IFCCOLUMN,01 - Entry Level,2,2.04,Concrete,"Column concrete, priced per m3 of column.",0.9
18YHwga450Mw4Fy6M5t_8c,IFCCOLUMN,01 - Entry Level,2,2.09,Formwork,Column formwork is implied by the column it forms.,0.9
18YHwga450Mw4Fy6M5t_8d,IFCCOLUMN,01 - Entry Level,2,2.04,Concrete,"Column concrete, priced per m3 of column.",0.9
18YHwga450Mw4Fy6M5t_8d,IFCCOLUMN,01 - Entry Level,2,2.09,Formwork,Column formwork is implied by the column it forms.,0.9
18YHwga450Mw4Fy6M5t_8f,IFCCOLUMN,01 - Entry Level,2,2.04,Concrete,"Column concrete, priced per m3 of column.",0.9
18YHwga450Mw4Fy6M5t_8f,IFCCOLUMN,01 - Entry Level,2,2.09,Formwork,Column formwork is implied by the column it forms.,0.9
18YHwga450Mw4Fy6M5t_8h,IFCCOLUMN,01 - Entry Level,2,2.04,Concrete,"Column concrete, priced per m3 of column.",0.9
18YHwga450Mw4Fy6M5t_8h,IFCCOLUMN,01 - Entry Level,2,2.09,Formwork,Column formwork is implied by the column it forms.,0.9
18YHwga450Mw4Fy6M5t_8k,IFCCOLUMN,01 - Entry Level,2,2.04,Concrete,"Column concrete, priced per m3 of column.",0.9
18YHwga450Mw4Fy6M5t_8k,IFCCOLUMN,01 - Entry Level,2,2.09,Formwork,Column formwork is implied by the column it forms.,0.9
18YHwga450Mw4Fy6M5t_8l,IFCCOLUMN,01 - Entry Level,2,2.04,Concrete,"Column concrete, priced per m3 of column.",0.9
18YHwga450Mw4Fy6M5t_8l,IFCCOLUMN,01 - Entry Level,2,2.09,Formwork,Column formwork is implied by the column it forms.,0.9
18YHwga450Mw4Fy6M5t_8m,IFCCOLUMN,01 - Entry Level,2,2.04,Concrete,"Column concrete, priced per m3 of column.",0.9
18YHwga450Mw4Fy6M5t_8m,IFCCOLUMN,01 - Entry Level,2,2.09,Formwork,Column formwork is implied by the column it forms.,0.9
18YHwga450Mw4Fy6M5t_8n,IFCCOLUMN,01 - Entry Level,2,2.04,Concrete,"Column concrete, priced per m3 of column.",0.9
18YHwga450Mw4Fy6M5t_8n,IFCCOLUMN,01 - Entry Level,2,2.09,Formwork,Column formwork is implied by the column it forms.,0.9
18YHwga450Mw4Fy6M5t_8o,IFCCOLUMN,01 - Entry Level,2,2.04,Concrete,"Column concrete, priced per m3 of column.",0.9
18YHwga450Mw4Fy6M5t_8o,IFCCOLUMN,01 - Entry Level,2,2.09,Formwork,Column formwork is implied by the column it forms.,0.9
18YHwga450Mw4Fy6M5t_8p,IFCCOLUMN,01 - Entry Level,2,2.04,Concrete,"Column concrete, priced per m3 of column.",0.9
18YHwga450Mw4Fy6M5t_8p,IFCCOLUMN,01 - Entry Level,2,2.09,Formwork,Column formwork is implied by the column it forms.,0.9
18YHwga450Mw4Fy6M5t_8q,IFCCOLUMN,01 - Entry Level,2,2.04,Concrete,"Column concrete, priced per m3 of column.",0.9
18YHwga450Mw4Fy6M5t_8q,IFCCOLUMN,01 - Entry Level,2,2.09,Formwork,Column formwork is implied by the column it forms.,0.9
18YHwga450Mw4Fy6M5t_8r,IFCCOLUMN,01 - Entry Level,2,2.04,Concrete,"Column concrete, priced per m3 of column.",0.9
18YHwga450Mw4Fy6M5t_8r,IFCCOLUMN,01 - Entry Level,2,2.09,Formwork,Column formwork is implied by the column it forms.,0.9
18YHwga450Mw4Fy6M5t_8s,IFCCOLUMN,01 - Entry Level,2,2.04,Concrete,"Column concrete, priced per m3 of column.",0.9
18YHwga450Mw4Fy6M5t_8s,IFCCOLUMN,01 - Entry Level,2,2.09,Formwork,Column formwork is implied by the column it forms.,0.9
18YHwga450Mw4Fy6M5t_8t,IFCCOLUMN,01 - Entry Level,2,2.04,Concrete,"Column concrete, priced per m3 of column.",0.9
18YHwga450Mw4Fy6M5t_8t,IFCCOLUMN,01 - Entry Level,2,2.09,Formwork,Column formwork is implied by the column it forms.,0.9
18YHwga450Mw4Fy6M5t_8v,IFCCOLUMN,01 - Entry Level,2,2.04,Concrete,"Column concrete, priced per m3 of column.",0.9
18YHwga450Mw4Fy6M5t_8v,IFCCOLUMN,01 - Entry Level,2,2.09,Formwork,Column formwork is implied by the column it forms.,0.9
18YHwga450Mw4Fy6M5t_8w,IFCCOLUMN,01 - Entry Level,2,2.04,Concrete,"Column concrete, priced per m3 of column.",0.9
18YHwga450Mw4Fy6M5t_8w,IFCCOLUMN,01 - Entry Level,2,2.09,Formwork,Column formwork is implied by the column it forms.,0.9
18YHwga450Mw4Fy6M5t_8x,IFCCOLUMN,01 - Entry Level,2,2.04,Concrete,"Column concrete, priced per m3 of column.",0.9
18YHwga450Mw4Fy6M5t_8x,IFCCOLUMN,01 - Entry Level,2,2.09,Formwork,Column formwork is implied by the column it forms.,0.9
18YHwga450Mw4Fy6M5t_8y,IFCCOLUMN,01 - Entry Level,2,2.04,Concrete,"Column concrete, priced per m3 of column.",0.9
18YHwga450Mw4Fy6M5t_8y,IFCCOLUMN,01 - Entry Level,2,2.09,Formwork,Column formwork is implied by the column it forms.,0.9
18YHwga450Mw4Fy6M5t_9_,IFCCOLUMN,01 - Entry Level,2,2.04,Concrete,"Column concrete, priced per m3 of column.",0.9
18YHwga450Mw4Fy6M5t_9_,IFCCOLUMN,01 - Entry Level,2,2.09,Formwork,Column formwork is implied by the column it forms.,0.9
18YHwga450Mw4Fy6M5t_9m,IFCCOLUMN,01 - Entry Level,2,2.04,Concrete,"Column concrete, priced per m3 of column.",0.9
18YHwga450Mw4Fy6M5t_9m,IFCCOLUMN,01 - Entry Level,2,2.09,Formwork,Column formwork is implied by the column it forms.,0.9
18YHwga450Mw4Fy6M5t_9n,IFCCOLUMN,01 - Entry Level,2,2.04,Concrete,"Column concrete, priced per m3 of column.",0.9
18YHwga450Mw4Fy6M5t_9n,IFCCOLUMN,01 - Entry Level,2,2.09,Formwork,Column formwork is implied by the column it forms.,0.9
18YHwga450Mw4Fy6M5t_9o,IFCCOLUMN,01 - Entry Level,2,2.04,Concrete,"Column concrete, priced per m3 of column.",0.9
18YHwga450Mw4Fy6M5t_9o,IFCCOLUMN,01 - Entry Level,2,2.09,Formwork,Column formwork is implied by the column it forms.,0.9
18YHwga450Mw4Fy6M5t_9p,IFCCOLUMN,01 - Entry Level,2,2.04,Concrete,"Column concrete, priced per m3 of column.",0.9
18YHwga450Mw4Fy6M5t_9p,IFCCOLUMN,01 - Entry Level,2,2.09,Formwork,Column formwork is implied by the column it forms.,0.9
18YHwga450Mw4Fy6M5t_9v,IFCCOLUMN,01 - Entry Level,2,2.04,Concrete,"Column concrete, priced per m3 of column.",0.9
18YHwga450Mw4Fy6M5t_9v,IFCCOLUMN,01 - Entry Level,2,2.09,Formwork,Column formwork is implied by the column it forms.,0.9
18YHwga450Mw4Fy6M5t_9y,IFCCOLUMN,01 - Entry Level,2,2.04,Concrete,"Column concrete, priced per m3 of column.",0.9
18YHwga450Mw4Fy6M5t_9y,IFCCOLUMN,01 - Entry Level,2,2.09,Formwork,Column formwork is implied by the column it forms.,0.9
18YHwga450Mw4Fy6M5t_9z,IFCCOLUMN,01 - Entry Level,2,2.04,Concrete,"Column concrete, priced per m3 of column.",0.9
18YHwga450Mw4Fy6M5t_9z,IFCCOLUMN,01 - Entry Level,2,2.09,Formwork,Column formwork is implied by the column it forms.,0.9
18YHwga450Mw4Fy6M5t_B0,IFCCOLUMN,01 - Entry Level,2,2.04,Concrete,"Column concrete, priced per m3 of column.",0.9
18YHwga450Mw4Fy6M5t_B0,IFCCOLUMN,01 - Entry Level,2,2.09,Formwork,Column formwork is implied by the column it forms.,0.9
18YHwga450Mw4Fy6M5t_B1,IFCCOLUMN,01 - Entry Level,2,2.04,Concrete,"Column concrete, priced per m3 of column.",0.9
18YHwga450Mw4Fy6M5t_B1,IFCCOLUMN,01 - Entry Level,2,2.09,Formwork,Column formwork is implied by the column it forms.,0.9
18YHwga450Mw4Fy6M5t_B3,IFCCOLUMN,01 - Entry Level,2,2.04,Concrete,"Column concrete, priced per m3 of column.",0.9
18YHwga450Mw4Fy6M5t_B3,IFCCOLUMN,01 - Entry Level,2,2.09,Formwork,Column formwork is implied by the column it forms.,0.9
18YHwga450Mw4Fy6M5t_B4,IFCCOLUMN,01 - Entry Level,2,2.04,Concrete,"Column concrete, priced per m3 of column.",0.9
18YHwga450Mw4Fy6M5t_B4,IFCCOLUMN,01 - Entry Level,2,2.09,Formwork,Column formwork is implied by the column it forms.,0.9
18YHwga450Mw4Fy6M5t_B5,IFCCOLUMN,01 - Entry Level,2,2.04,Concrete,"Column concrete, priced per m3 of column.",0.9
18YHwga450Mw4Fy6M5t_B5,IFCCOLUMN,01 - Entry Level,2,2.09,Formwork,Column formwork is implied by the column it forms.,0.9
18YHwga450Mw4Fy6M5t_B6,IFCCOLUMN,01 - Entry Level,2,2.04,Concrete,"Column concrete, priced per m3 of column.",0.9
18YHwga450Mw4Fy6M5t_B6,IFCCOLUMN,01 - Entry Level,2,2.09,Formwork,Column formwork is implied by the column it forms.,0.9
18YHwga450Mw4Fy6M5t_B7,IFCCOLUMN,01 - Entry Level,2,2.04,Concrete,"Column concrete, priced per m3 of column.",0.9
18YHwga450Mw4Fy6M5t_B7,IFCCOLUMN,01 - Entry Level,2,2.09,Formwork,Column formwork is implied by the column it forms.,0.9
18YHwga450Mw4Fy6M5t_B8,IFCCOLUMN,01 - Entry Level,2,2.04,Concrete,"Column concrete, priced per m3 of column.",0.9
18YHwga450Mw4Fy6M5t_B8,IFCCOLUMN,01 - Entry Level,2,2.09,Formwork,Column formwork is implied by the column it forms.,0.9
18YHwga450Mw4Fy6M5t_B9,IFCCOLUMN,01 - Entry Level,2,2.04,Concrete,"Column concrete, priced per m3 of column.",0.9
18YHwga450Mw4Fy6M5t_B9,IFCCOLUMN,01 - Entry Level,2,2.09,Formwork,Column formwork is implied by the column it forms.,0.9
18YHwga450Mw4Fy6M5t_BA,IFCCOLUMN,01 - Entry Level,2,2.04,Concrete,"Column concrete, priced per m3 of column.",0.9
18YHwga450Mw4Fy6M5t_BA,IFCCOLUMN,01 - Entry Level,2,2.09,Formwork,Column formwork is implied by the column it forms.,0.9
18YHwga450Mw4Fy6M5t_BB,IFCCOLUMN,01 - Entry Level,2,2.04,Concrete,"Column concrete, priced per m3 of column.",0.9
18YHwga450Mw4Fy6M5t_BB,IFCCOLUMN,01 - Entry Level,2,2.09,Formwork,Column formwork is implied by the column it forms.,0.9
18YHwga450Mw4Fy6M5t_BC,IFCCOLUMN,01 - Entry Level,2,2.04,Concrete,"Column concrete, priced per m3 of column.",0.9
18YHwga450Mw4Fy6M5t_BC,IFCCOLUMN,01 - Entry Level,2,2.09,Formwork,Column formwork is implied by the column it forms.,0.9
18YHwga450Mw4Fy6M5t_BD,IFCCOLUMN,01 - Entry Level,2,2.04,Concrete,"Column concrete, priced per m3 of column.",0.9
18YHwga450Mw4Fy6M5t_BD,IFCCOLUMN,01 - Entry Level,2,2.09,Formwork,Column formwork is implied by the column it forms.,0.9
18YHwga450Mw4Fy6M5t_BE,IFCCOLUMN,01 - Entry Level,2,2.04,Concrete,"Column concrete, priced per m3 of column.",0.9
18YHwga450Mw4Fy6M5t_BE,IFCCOLUMN,01 - Entry Level,2,2.09,Formwork,Column formwork is implied by the column it forms.,0.9
18YHwga450Mw4Fy6M5t_BF,IFCCOLUMN,01 - Entry Level,2,2.04,Concrete,"Column concrete, priced per m3 of column.",0.9
18YHwga450Mw4Fy6M5t_BF,IFCCOLUMN,01 - Entry Level,2,2.09,Formwork,Column formwork is implied by the column it forms.,0.9
18YHwga450Mw4Fy6M5t_BK,IFCCOLUMN,01 - Entry Level,2,2.04,Concrete,"Column concrete, priced per m3 of column.",0.9
18YHwga450Mw4Fy6M5t_BK,IFCCOLUMN,01 - Entry Level,2,2.09,Formwork,Column formwork is implied by the column it forms.,0.9
18YHwga450Mw4Fy6M5t_BL,IFCCOLUMN,01 - Entry Level,2,2.04,Concrete,"Column concrete, priced per m3 of column.",0.9
18YHwga450Mw4Fy6M5t_BL,IFCCOLUMN,01 - Entry Level,2,2.09,Formwork,Column formwork is implied by the column it forms.,0.9
18YHwga450Mw4Fy6M5t_BM,IFCCOLUMN,01 - Entry Level,2,2.04,Concrete,"Column concrete, priced per m3 of column.",0.9
18YHwga450Mw4Fy6M5t_BM,IFCCOLUMN,01 - Entry Level,2,2.09,Formwork,Column formwork is implied by the column it forms.,0.9
1WrzGm1SD2ev45B_OWQ380,IFCBEAM,02 - Floor,,,Unmapped,The bill prices no beam concrete -- there is no beam item in any section. This is scope the model contains and the estimate never priced.,0.0
1WrzGm1SD2ev45B_OWQ382,IFCBEAM,02 - Floor,,,Unmapped,The bill prices no beam concrete -- there is no beam item in any section. This is scope the model contains and the estimate never priced.,0.0
1WrzGm1SD2ev45B_OWQ384,IFCBEAM,02 - Floor,,,Unmapped,The bill prices no beam concrete -- there is no beam item in any section. This is scope the model contains and the estimate never priced.,0.0
1WrzGm1SD2ev45B_OWQ386,IFCBEAM,02 - Floor,,,Unmapped,The bill prices no beam concrete -- there is no beam item in any section. This is scope the model contains and the estimate never priced.,0.0
1WrzGm1SD2ev45B_OWQ388,IFCBEAM,02 - Floor,,,Unmapped,The bill prices no beam concrete -- there is no beam item in any section. This is scope the model contains and the estimate never priced.,0.0
1WrzGm1SD2ev45B_OWQ38A,IFCBEAM,02 - Floor,,,Unmapped,The bill prices no beam concrete -- there is no beam item in any section. This is scope the model contains and the estimate never priced.,0.0
1WrzGm1SD2ev45B_OWQ38C,IFCBEAM,02 - Floor,,,Unmapped,The bill prices no beam concrete -- there is no beam item in any section. This is scope the model contains and the estimate never priced.,0.0
1WrzGm1SD2ev45B_OWQ38G,IFCBEAM,02 - Floor,,,Unmapped,The bill prices no beam concrete -- there is no beam item in any section. This is scope the model contains and the estimate never priced.,0.0
1WrzGm1SD2ev45B_OWQ38I,IFCBEAM,02 - Floor,,,Unmapped,The bill prices no beam concrete -- there is no beam item in any section. This is scope the model contains and the estimate never priced.,0.0
1WrzGm1SD2ev45B_OWQ38K,IFCBEAM,02 - Floor,,,Unmapped,The bill prices no beam concrete -- there is no beam item in any section. This is scope the model contains and the estimate never priced.,0.0
1WrzGm1SD2ev45B_OWQ38M,IFCBEAM,02 - Floor,,,Unmapped,The bill prices no beam concrete -- there is no beam item in any section. This is scope the model contains and the estimate never priced.,0.0
1WrzGm1SD2ev45B_OWQ38O,IFCBEAM,02 - Floor,,,Unmapped,The bill prices no beam concrete -- there is no beam item in any section. This is scope the model contains and the estimate never priced.,0.0
1WrzGm1SD2ev45B_OWQ38Q,IFCBEAM,02 - Floor,,,Unmapped,The bill prices no beam concrete -- there is no beam item in any section. This is scope the model contains and the estimate never priced.,0.0
1WrzGm1SD2ev45B_OWQ38S,IFCBEAM,02 - Floor,,,Unmapped,The bill prices no beam concrete -- there is no beam item in any section. This is scope the model contains and the estimate never priced.,0.0
1WrzGm1SD2ev45B_OWQ38U,IFCBEAM,02 - Floor,,,Unmapped,The bill prices no beam concrete -- there is no beam item in any section. This is scope the model contains and the estimate never priced.,0.0
1WrzGm1SD2ev45B_OWQ38X,IFCBEAM,02 - Floor,,,Unmapped,The bill prices no beam concrete -- there is no beam item in any section. This is scope the model contains and the estimate never priced.,0.0
1WrzGm1SD2ev45B_OWQ38Z,IFCBEAM,02 - Floor,,,Unmapped,The bill prices no beam concrete -- there is no beam item in any section. This is scope the model contains and the estimate never priced.,0.0
1WrzGm1SD2ev45B_OWQ38_,IFCBEAM,02 - Floor,,,Unmapped,The bill prices no beam concrete -- there is no beam item in any section. This is scope the model contains and the estimate never priced.,0.0
1WrzGm1SD2ev45B_OWQ38f,IFCBEAM,02 - Floor,,,Unmapped,The bill prices no beam concrete -- there is no beam item in any section. This is scope the model contains and the estimate never priced.,0.0
1WrzGm1SD2ev45B_OWQ38h,IFCBEAM,02 - Floor,,,Unmapped,The bill prices no beam concrete -- there is no beam item in any section. This is scope the model contains and the estimate never priced.,0.0
1WrzGm1SD2ev45B_OWQ38n,IFCBEAM,02 - Floor,,,Unmapped,The bill prices no beam concrete -- there is no beam item in any section. This is scope the model contains and the estimate never priced.,0.0
1WrzGm1SD2ev45B_OWQ38r,IFCBEAM,02 - Floor,,,Unmapped,The bill prices no beam concrete -- there is no beam item in any section. This is scope the model contains and the estimate never priced.,0.0
1WrzGm1SD2ev45B_OWQ38t,IFCBEAM,02 - Floor,,,Unmapped,The bill prices no beam concrete -- there is no beam item in any section. This is scope the model contains and the estimate never priced.,0.0
1WrzGm1SD2ev45B_OWQ38v,IFCBEAM,02 - Floor,,,Unmapped,The bill prices no beam concrete -- there is no beam item in any section. This is scope the model contains and the estimate never priced.,0.0
1WrzGm1SD2ev45B_OWQ39B,IFCBEAM,02 - Floor,,,Unmapped,The bill prices no beam concrete -- there is no beam item in any section. This is scope the model contains and the estimate never priced.,0.0
1WrzGm1SD2ev45B_OWQ39H,IFCBEAM,02 - Floor,,,Unmapped,The bill prices no beam concrete -- there is no beam item in any section. This is scope the model contains and the estimate never priced.,0.0
1WrzGm1SD2ev45B_OWQ39Q,IFCBEAM,02 - Floor,,,Unmapped,The bill prices no beam concrete -- there is no beam item in any section. This is scope the model contains and the estimate never priced.,0.0
1WrzGm1SD2ev45B_OWQ39S,IFCBEAM,02 - Floor,,,Unmapped,The bill prices no beam concrete -- there is no beam item in any section. This is scope the model contains and the estimate never priced.,0.0
1WrzGm1SD2ev45B_OWQ39V,IFCBEAM,02 - Floor,,,Unmapped,The bill prices no beam concrete -- there is no beam item in any section. This is scope the model contains and the estimate never priced.,0.0
1WrzGm1SD2ev45B_OWQ39Y,IFCBEAM,02 - Floor,,,Unmapped,The bill prices no beam concrete -- there is no beam item in any section. This is scope the model contains and the estimate never priced.,0.0
1WrzGm1SD2ev45B_OWQ39_,IFCBEAM,02 - Floor,,,Unmapped,The bill prices no beam concrete -- there is no beam item in any section. This is scope the model contains and the estimate never priced.,0.0
1WrzGm1SD2ev45B_OWQ39b,IFCBEAM,02 - Floor,,,Unmapped,The bill prices no beam concrete -- there is no beam item in any section. This is scope the model contains and the estimate never priced.,0.0
1WrzGm1SD2ev45B_OWQ39d,IFCBEAM,02 - Floor,,,Unmapped,The bill prices no beam concrete -- there is no beam item in any section. This is scope the model contains and the estimate never priced.,0.0
1WrzGm1SD2ev45B_OWQ39g,IFCBEAM,02 - Floor,,,Unmapped,The bill prices no beam concrete -- there is no beam item in any section. This is scope the model contains and the estimate never priced.,0.0
1WrzGm1SD2ev45B_OWQ39j,IFCBEAM,02 - Floor,,,Unmapped,The bill prices no beam concrete -- there is no beam item in any section. This is scope the model contains and the estimate never priced.,0.0
1WrzGm1SD2ev45B_OWQ39l,IFCBEAM,02 - Floor,,,Unmapped,The bill prices no beam concrete -- there is no beam item in any section. This is scope the model contains and the estimate never priced.,0.0
1WrzGm1SD2ev45B_OWQ39o,IFCBEAM,02 - Floor,,,Unmapped,The bill prices no beam concrete -- there is no beam item in any section. This is scope the model contains and the estimate never priced.,0.0
1WrzGm1SD2ev45B_OWQ39q,IFCBEAM,02 - Floor,,,Unmapped,The bill prices no beam concrete -- there is no beam item in any section. This is scope the model contains and the estimate never priced.,0.0
1WrzGm1SD2ev45B_OWQ39s,IFCBEAM,02 - Floor,,,Unmapped,The bill prices no beam concrete -- there is no beam item in any section. This is scope the model contains and the estimate never priced.,0.0
1WrzGm1SD2ev45B_OWQ39u,IFCBEAM,02 - Floor,,,Unmapped,The bill prices no beam concrete -- there is no beam item in any section. This is scope the model contains and the estimate never priced.,0.0
1WrzGm1SD2ev45B_OWQ39w,IFCBEAM,02 - Floor,,,Unmapped,The bill prices no beam concrete -- there is no beam item in any section. This is scope the model contains and the estimate never priced.,0.0
1WrzGm1SD2ev45B_OWQ39y,IFCBEAM,02 - Floor,,,Unmapped,The bill prices no beam concrete -- there is no beam item in any section. This is scope the model contains and the estimate never priced.,0.0
1WrzGm1SD2ev45B_OWQ3D0,IFCBEAM,02 - Floor,,,Unmapped,The bill prices no beam concrete -- there is no beam item in any section. This is scope the model contains and the estimate never priced.,0.0
1WrzGm1SD2ev45B_OWQ3D2,IFCBEAM,02 - Floor,,,Unmapped,The bill prices no beam concrete -- there is no beam item in any section. This is scope the model contains and the estimate never priced.,0.0
1WrzGm1SD2ev45B_OWQ3D4,IFCBEAM,02 - Floor,,,Unmapped,The bill prices no beam concrete -- there is no beam item in any section. This is scope the model contains and the estimate never priced.,0.0
1WrzGm1SD2ev45B_OWQ3D6,IFCBEAM,02 - Floor,,,Unmapped,The bill prices no beam concrete -- there is no beam item in any section. This is scope the model contains and the estimate never priced.,0.0
1WrzGm1SD2ev45B_OWQ3D8,IFCBEAM,02 - Floor,,,Unmapped,The bill prices no beam concrete -- there is no beam item in any section. This is scope the model contains and the estimate never priced.,0.0
1WrzGm1SD2ev45B_OWQ3DC,IFCBEAM,02 - Floor,,,Unmapped,The bill prices no beam concrete -- there is no beam item in any section. This is scope the model contains and the estimate never priced.,0.0
1WrzGm1SD2ev45B_OWQ3DE,IFCBEAM,02 - Floor,,,Unmapped,The bill prices no beam concrete -- there is no beam item in any section. This is scope the model contains and the estimate never priced.,0.0
1WrzGm1SD2ev45B_OWQ3DG,IFCBEAM,02 - Floor,,,Unmapped,The bill prices no beam concrete -- there is no beam item in any section. This is scope the model contains and the estimate never priced.,0.0
1WrzGm1SD2ev45B_OWQ3DI,IFCBEAM,02 - Floor,,,Unmapped,The bill prices no beam concrete -- there is no beam item in any section. This is scope the model contains and the estimate never priced.,0.0
1WrzGm1SD2ev45B_OWQ3DM,IFCBEAM,02 - Floor,,,Unmapped,The bill prices no beam concrete -- there is no beam item in any section. This is scope the model contains and the estimate never priced.,0.0
1WrzGm1SD2ev45B_OWQ3E2,IFCBEAM,02 - Floor,,,Unmapped,The bill prices no beam concrete -- there is no beam item in any section. This is scope the model contains and the estimate never priced.,0.0
1WrzGm1SD2ev45B_OWQ3E4,IFCBEAM,02 - Floor,,,Unmapped,The bill prices no beam concrete -- there is no beam item in any section. This is scope the model contains and the estimate never priced.,0.0
1WrzGm1SD2ev45B_OWQ3E9,IFCBEAM,02 - Floor,,,Unmapped,The bill prices no beam concrete -- there is no beam item in any section. This is scope the model contains and the estimate never priced.,0.0
1WrzGm1SD2ev45B_OWQ3EB,IFCBEAM,02 - Floor,,,Unmapped,The bill prices no beam concrete -- there is no beam item in any section. This is scope the model contains and the estimate never priced.,0.0
1WrzGm1SD2ev45B_OWQ3ED,IFCBEAM,02 - Floor,,,Unmapped,The bill prices no beam concrete -- there is no beam item in any section. This is scope the model contains and the estimate never priced.,0.0
1WrzGm1SD2ev45B_OWQ3EF,IFCBEAM,02 - Floor,,,Unmapped,The bill prices no beam concrete -- there is no beam item in any section. This is scope the model contains and the estimate never priced.,0.0
1WrzGm1SD2ev45B_OWQ3EH,IFCBEAM,02 - Floor,,,Unmapped,The bill prices no beam concrete -- there is no beam item in any section. This is scope the model contains and the estimate never priced.,0.0
1WrzGm1SD2ev45B_OWQ3EJ,IFCBEAM,02 - Floor,,,Unmapped,The bill prices no beam concrete -- there is no beam item in any section. This is scope the model contains and the estimate never priced.,0.0
1WrzGm1SD2ev45B_OWQ3EL,IFCBEAM,02 - Floor,,,Unmapped,The bill prices no beam concrete -- there is no beam item in any section. This is scope the model contains and the estimate never priced.,0.0
1WrzGm1SD2ev45B_OWQ3EN,IFCBEAM,02 - Floor,,,Unmapped,The bill prices no beam concrete -- there is no beam item in any section. This is scope the model contains and the estimate never priced.,0.0
1WrzGm1SD2ev45B_OWQ3EP,IFCBEAM,02 - Floor,,,Unmapped,The bill prices no beam concrete -- there is no beam item in any section. This is scope the model contains and the estimate never priced.,0.0
1WrzGm1SD2ev45B_OWQ3ER,IFCBEAM,02 - Floor,,,Unmapped,The bill prices no beam concrete -- there is no beam item in any section. This is scope the model contains and the estimate never priced.,0.0
1WrzGm1SD2ev45B_OWQ3ET,IFCBEAM,02 - Floor,,,Unmapped,The bill prices no beam concrete -- there is no beam item in any section. This is scope the model contains and the estimate never priced.,0.0
1WrzGm1SD2ev45B_OWQ3EX,IFCBEAM,02 - Floor,,,Unmapped,The bill prices no beam concrete -- there is no beam item in any section. This is scope the model contains and the estimate never priced.,0.0
1WrzGm1SD2ev45B_OWQ3EZ,IFCBEAM,02 - Floor,,,Unmapped,The bill prices no beam concrete -- there is no beam item in any section. This is scope the model contains and the estimate never priced.,0.0
1WrzGm1SD2ev45B_OWQ3E_,IFCBEAM,02 - Floor,,,Unmapped,The bill prices no beam concrete -- there is no beam item in any section. This is scope the model contains and the estimate never priced.,0.0
1WrzGm1SD2ev45B_OWQ3Eb,IFCBEAM,02 - Floor,,,Unmapped,The bill prices no beam concrete -- there is no beam item in any section. This is scope the model contains and the estimate never priced.,0.0
1WrzGm1SD2ev45B_OWQ3Ed,IFCBEAM,02 - Floor,,,Unmapped,The bill prices no beam concrete -- there is no beam item in any section. This is scope the model contains and the estimate never priced.,0.0
1WrzGm1SD2ev45B_OWQ3Eg,IFCBEAM,02 - Floor,,,Unmapped,The bill prices no beam concrete -- there is no beam item in any section. This is scope the model contains and the estimate never priced.,0.0
1WrzGm1SD2ev45B_OWQ3Ej,IFCBEAM,02 - Floor,,,Unmapped,The bill prices no beam concrete -- there is no beam item in any section. This is scope the model contains and the estimate never priced.,0.0
1WrzGm1SD2ev45B_OWQ3El,IFCBEAM,02 - Floor,,,Unmapped,The bill prices no beam concrete -- there is no beam item in any section. This is scope the model contains and the estimate never priced.,0.0
1WrzGm1SD2ev45B_OWQ3Em,IFCBEAM,02 - Floor,,,Unmapped,The bill prices no beam concrete -- there is no beam item in any section. This is scope the model contains and the estimate never priced.,0.0
1WrzGm1SD2ev45B_OWQ3Eo,IFCBEAM,02 - Floor,,,Unmapped,The bill prices no beam concrete -- there is no beam item in any section. This is scope the model contains and the estimate never priced.,0.0
1WrzGm1SD2ev45B_OWQ3Eq,IFCBEAM,02 - Floor,,,Unmapped,The bill prices no beam concrete -- there is no beam item in any section. This is scope the model contains and the estimate never priced.,0.0
1WrzGm1SD2ev45B_OWQ3Eu,IFCBEAM,02 - Floor,,,Unmapped,The bill prices no beam concrete -- there is no beam item in any section. This is scope the model contains and the estimate never priced.,0.0
1WrzGm1SD2ev45B_OWQ3Ew,IFCBEAM,02 - Floor,,,Unmapped,The bill prices no beam concrete -- there is no beam item in any section. This is scope the model contains and the estimate never priced.,0.0
1WrzGm1SD2ev45B_OWQ3Ey,IFCBEAM,02 - Floor,,,Unmapped,The bill prices no beam concrete -- there is no beam item in any section. This is scope the model contains and the estimate never priced.,0.0
1WrzGm1SD2ev45B_OWQ3F1,IFCBEAM,02 - Floor,,,Unmapped,The bill prices no beam concrete -- there is no beam item in any section. This is scope the model contains and the estimate never priced.,0.0
1WrzGm1SD2ev45B_OWQ3F4,IFCBEAM,02 - Floor,,,Unmapped,The bill prices no beam concrete -- there is no beam item in any section. This is scope the model contains and the estimate never priced.,0.0
1WrzGm1SD2ev45B_OWQ3F6,IFCBEAM,02 - Floor,,,Unmapped,The bill prices no beam concrete -- there is no beam item in any section. This is scope the model contains and the estimate never priced.,0.0
1WrzGm1SD2ev45B_OWQ3F8,IFCBEAM,02 - Floor,,,Unmapped,The bill prices no beam concrete -- there is no beam item in any section. This is scope the model contains and the estimate never priced.,0.0
1WrzGm1SD2ev45B_OWQ3FA,IFCBEAM,02 - Floor,,,Unmapped,The bill prices no beam concrete -- there is no beam item in any section. This is scope the model contains and the estimate never priced.,0.0
1WrzGm1SD2ev45B_OWQ3FC,IFCBEAM,02 - Floor,,,Unmapped,The bill prices no beam concrete -- there is no beam item in any section. This is scope the model contains and the estimate never priced.,0.0
1WrzGm1SD2ev45B_OWQ3FG,IFCBEAM,02 - Floor,,,Unmapped,The bill prices no beam concrete -- there is no beam item in any section. This is scope the model contains and the estimate never priced.,0.0
1WrzGm1SD2ev45B_OWQ3FI,IFCBEAM,02 - Floor,,,Unmapped,The bill prices no beam concrete -- there is no beam item in any section. This is scope the model contains and the estimate never priced.,0.0
1WrzGm1SD2ev45B_OWQ3FK,IFCBEAM,02 - Floor,,,Unmapped,The bill prices no beam concrete -- there is no beam item in any section. This is scope the model contains and the estimate never priced.,0.0
1WrzGm1SD2ev45B_OWQ3FM,IFCBEAM,02 - Floor,,,Unmapped,The bill prices no beam concrete -- there is no beam item in any section. This is scope the model contains and the estimate never priced.,0.0
1WrzGm1SD2ev45B_OWQ3FS,IFCBEAM,02 - Floor,,,Unmapped,The bill prices no beam concrete -- there is no beam item in any section. This is scope the model contains and the estimate never priced.,0.0
1WrzGm1SD2ev45B_OWQ3FU,IFCBEAM,02 - Floor,,,Unmapped,The bill prices no beam concrete -- there is no beam item in any section. This is scope the model contains and the estimate never priced.,0.0
1WrzGm1SD2ev45B_OWQ3FX,IFCBEAM,02 - Floor,,,Unmapped,The bill prices no beam concrete -- there is no beam item in any section. This is scope the model contains and the estimate never priced.,0.0
1WrzGm1SD2ev45B_OWQ3F_,IFCBEAM,02 - Floor,,,Unmapped,The bill prices no beam concrete -- there is no beam item in any section. This is scope the model contains and the estimate never priced.,0.0
1WrzGm1SD2ev45B_OWQ3Fd,IFCBEAM,02 - Floor,,,Unmapped,The bill prices no beam concrete -- there is no beam item in any section. This is scope the model contains and the estimate never priced.,0.0
1WrzGm1SD2ev45B_OWQ3Fj,IFCBEAM,02 - Floor,,,Unmapped,The bill prices no beam concrete -- there is no beam item in any section. This is scope the model contains and the estimate never priced.,0.0
1WrzGm1SD2ev45B_OWQ3Fl,IFCBEAM,02 - Floor,,,Unmapped,The bill prices no beam concrete -- there is no beam item in any section. This is scope the model contains and the estimate never priced.,0.0
1WrzGm1SD2ev45B_OWQ3Fm,IFCBEAM,02 - Floor,,,Unmapped,The bill prices no beam concrete -- there is no beam item in any section. This is scope the model contains and the estimate never priced.,0.0
1WrzGm1SD2ev45B_OWQ3Fo,IFCBEAM,02 - Floor,,,Unmapped,The bill prices no beam concrete -- there is no beam item in any section. This is scope the model contains and the estimate never priced.,0.0
1WrzGm1SD2ev45B_OWQ3Fu,IFCBEAM,02 - Floor,,,Unmapped,The bill prices no beam concrete -- there is no beam item in any section. This is scope the model contains and the estimate never priced.,0.0
1YIxPFMSHDRv0DqNut18K5,IFCREINFORCINGBAR,01 - Entry Level,2,2.14,Rebar,"Bar sits above ground, so it is taken as suspended-slab reinforcement. The model carries no bar-to-host relationship to confirm it.",0.6
1YIxPFMSHDRv0DqNut18K6,IFCREINFORCINGBAR,01 - Entry Level,2,2.14,Rebar,"Bar sits above ground, so it is taken as suspended-slab reinforcement. The model carries no bar-to-host relationship to confirm it.",0.6
1YIxPFMSHDRv0DqNut18Lc,IFCREINFORCINGBAR,01 - Entry Level,2,2.14,Rebar,"Bar sits above ground, so it is taken as suspended-slab reinforcement. The model carries no bar-to-host relationship to confirm it.",0.6
1YIxPFMSHDRv0DqNut18Ld,IFCREINFORCINGBAR,01 - Entry Level,2,2.14,Rebar,"Bar sits above ground, so it is taken as suspended-slab reinforcement. The model carries no bar-to-host relationship to confirm it.",0.6
1YIxPFMSHDRv0DqNut18Mo,IFCREINFORCINGBAR,01 - Entry Level,2,2.14,Rebar,"Bar sits above ground, so it is taken as suspended-slab reinforcement. The model carries no bar-to-host relationship to confirm it.",0.6
1YIxPFMSHDRv0DqNut18NG,IFCREINFORCINGBAR,01 - Entry Level,2,2.14,Rebar,"Bar sits above ground, so it is taken as suspended-slab reinforcement. The model carries no bar-to-host relationship to confirm it.",0.6
2$M5myxLHBzRtkBVyhm0OS,IFCCOLUMN,01 - Entry Level,2,2.04,Concrete,"Column concrete, priced per m3 of column.",0.9
2$M5myxLHBzRtkBVyhm0OS,IFCCOLUMN,01 - Entry Level,2,2.09,Formwork,Column formwork is implied by the column it forms.,0.9
2$M5myxLHBzRtkBVyhm0PB,IFCCOLUMN,01 - Entry Level,2,2.04,Concrete,"Column concrete, priced per m3 of column.",0.9
2$M5myxLHBzRtkBVyhm0PB,IFCCOLUMN,01 - Entry Level,2,2.09,Formwork,Column formwork is implied by the column it forms.,0.9
2$M5myxLHBzRtkBVyhm0RH,IFCCOLUMN,01 - Entry Level,2,2.04,Concrete,"Column concrete, priced per m3 of column.",0.9
2$M5myxLHBzRtkBVyhm0RH,IFCCOLUMN,01 - Entry Level,2,2.09,Formwork,Column formwork is implied by the column it forms.,0.9
2$M5myxLHBzRtkBVyhm0Rc,IFCCOLUMN,01 - Entry Level,2,2.04,Concrete,"Column concrete, priced per m3 of column.",0.9
2$M5myxLHBzRtkBVyhm0Rc,IFCCOLUMN,01 - Entry Level,2,2.09,Formwork,Column formwork is implied by the column it forms.,0.9
2$M5myxLHBzRtkBVyhm0Uu,IFCCOLUMN,01 - Entry Level,2,2.04,Concrete,"Column concrete, priced per m3 of column.",0.9
2$M5myxLHBzRtkBVyhm0Uu,IFCCOLUMN,01 - Entry Level,2,2.09,Formwork,Column formwork is implied by the column it forms.,0.9
2$M5myxLHBzRtkBVyhm0VH,IFCCOLUMN,01 - Entry Level,2,2.04,Concrete,"Column concrete, priced per m3 of column.",0.9
2$M5myxLHBzRtkBVyhm0VH,IFCCOLUMN,01 - Entry Level,2,2.09,Formwork,Column formwork is implied by the column it forms.,0.9
2$M5myxLHBzRtkBVyhm0VZ,IFCCOLUMN,01 - Entry Level,2,2.04,Concrete,"Column concrete, priced per m3 of column.",0.9
2$M5myxLHBzRtkBVyhm0VZ,IFCCOLUMN,01 - Entry Level,2,2.09,Formwork,Column formwork is implied by the column it forms.,0.9
22O7WvOu1F3RpVxpkqDC6M,IFCSLAB,01 - Entry Level,2,2.06,Concrete,"Suspended slab concrete, priced per m3 of slab.",0.9
22O7WvOu1F3RpVxpkqDC6M,IFCSLAB,01 - Entry Level,2,2.11,Formwork,Slab soffit formwork is implied by the slab it forms.,0.9
2Ci2k7uxXCqAqqsxOmESO$,IFCCOLUMN,01 - Entry Level,2,2.04,Concrete,"Column concrete, priced per m3 of column.",0.9
2Ci2k7uxXCqAqqsxOmESO$,IFCCOLUMN,01 - Entry Level,2,2.09,Formwork,Column formwork is implied by the column it forms.,0.9
2Ci2k7uxXCqAqqsxOmESO_,IFCCOLUMN,01 - Entry Level,2,2.04,Concrete,"Column concrete, priced per m3 of column.",0.9
2Ci2k7uxXCqAqqsxOmESO_,IFCCOLUMN,01 - Entry Level,2,2.09,Formwork,Column formwork is implied by the column it forms.,0.9
2Ci2k7uxXCqAqqsxOmESOv,IFCCOLUMN,01 - Entry Level,2,2.04,Concrete,"Column concrete, priced per m3 of column.",0.9
2Ci2k7uxXCqAqqsxOmESOv,IFCCOLUMN,01 - Entry Level,2,2.09,Formwork,Column formwork is implied by the column it forms.,0.9
2Ci2k7uxXCqAqqsxOmESOy,IFCCOLUMN,01 - Entry Level,2,2.04,Concrete,"Column concrete, priced per m3 of column.",0.9
2Ci2k7uxXCqAqqsxOmESOy,IFCCOLUMN,01 - Entry Level,2,2.09,Formwork,Column formwork is implied by the column it forms.,0.9
2Ci2k7uxXCqAqqsxOmEVak,IFCCOLUMN,01 - Entry Level,2,2.04,Concrete,"Column concrete, priced per m3 of column.",0.9
2Ci2k7uxXCqAqqsxOmEVak,IFCCOLUMN,01 - Entry Level,2,2.09,Formwork,Column formwork is implied by the column it forms.,0.9
2Ci2k7uxXCqAqqsxOmEVbx,IFCCOLUMN,01 - Entry Level,2,2.04,Concrete,"Column concrete, priced per m3 of column.",0.9
2Ci2k7uxXCqAqqsxOmEVbx,IFCCOLUMN,01 - Entry Level,2,2.09,Formwork,Column formwork is implied by the column it forms.,0.9
2Ci2k7uxXCqAqqsxOmEVd5,IFCCOLUMN,01 - Entry Level,2,2.04,Concrete,"Column concrete, priced per m3 of column.",0.9
2Ci2k7uxXCqAqqsxOmEVd5,IFCCOLUMN,01 - Entry Level,2,2.09,Formwork,Column formwork is implied by the column it forms.,0.9
2E3cuzY0LCc9ztHo7GNGl4,IFCSLAB,02 - Floor,2,2.06,Concrete,"Suspended slab concrete, priced per m3 of slab.",0.9
2E3cuzY0LCc9ztHo7GNGl4,IFCSLAB,02 - Floor,2,2.11,Formwork,Slab soffit formwork is implied by the slab it forms.,0.9
2EBpToNovFPhJol00V4mFI,IFCREINFORCINGBAR,Sub Level,2,2.12,Rebar,"Bar sits on the substructure level, so it is taken as raft reinforcement. The model carries no bar-to-host relationship to confirm it.",0.6
2EBpToNovFPhJol04V4mFI,IFCREINFORCINGBAR,Sub Level,2,2.12,Rebar,"Bar sits on the substructure level, so it is taken as raft reinforcement. The model carries no bar-to-host relationship to confirm it.",0.6
2EBpToNovFPhJol08V4mFI,IFCREINFORCINGBAR,Sub Level,2,2.12,Rebar,"Bar sits on the substructure level, so it is taken as raft reinforcement. The model carries no bar-to-host relationship to confirm it.",0.6
2EBpToNovFPhJol0CV4mFI,IFCREINFORCINGBAR,Sub Level,2,2.12,Rebar,"Bar sits on the substructure level, so it is taken as raft reinforcement. The model carries no bar-to-host relationship to confirm it.",0.6
2EBpToNovFPhJol0GV4mFI,IFCREINFORCINGBAR,Sub Level,2,2.12,Rebar,"Bar sits on the substructure level, so it is taken as raft reinforcement. The model carries no bar-to-host relationship to confirm it.",0.6
2EBpToNovFPhJol0KV4mFI,IFCREINFORCINGBAR,Sub Level,2,2.12,Rebar,"Bar sits on the substructure level, so it is taken as raft reinforcement. The model carries no bar-to-host relationship to confirm it.",0.6
2EBpToNovFPhJol0OV4mFI,IFCREINFORCINGBAR,Sub Level,2,2.12,Rebar,"Bar sits on the substructure level, so it is taken as raft reinforcement. The model carries no bar-to-host relationship to confirm it.",0.6
2EBpToNovFPhJol0SV4mFI,IFCREINFORCINGBAR,Sub Level,2,2.12,Rebar,"Bar sits on the substructure level, so it is taken as raft reinforcement. The model carries no bar-to-host relationship to confirm it.",0.6
2EBpToNovFPhJol0WV4mFI,IFCREINFORCINGBAR,Sub Level,2,2.12,Rebar,"Bar sits on the substructure level, so it is taken as raft reinforcement. The model carries no bar-to-host relationship to confirm it.",0.6
2EBpToNovFPhJol0aV4mFI,IFCREINFORCINGBAR,Sub Level,2,2.12,Rebar,"Bar sits on the substructure level, so it is taken as raft reinforcement. The model carries no bar-to-host relationship to confirm it.",0.6
2EBpToNovFPhJol0eV4mFI,IFCREINFORCINGBAR,Sub Level,2,2.12,Rebar,"Bar sits on the substructure level, so it is taken as raft reinforcement. The model carries no bar-to-host relationship to confirm it.",0.6
2EBpToNovFPhJol0iV4mFI,IFCREINFORCINGBAR,Sub Level,2,2.12,Rebar,"Bar sits on the substructure level, so it is taken as raft reinforcement. The model carries no bar-to-host relationship to confirm it.",0.6
2EBpToNovFPhJol0mV4mFI,IFCREINFORCINGBAR,Sub Level,2,2.12,Rebar,"Bar sits on the substructure level, so it is taken as raft reinforcement. The model carries no bar-to-host relationship to confirm it.",0.6
2EBpToNovFPhJol0qV4mFI,IFCREINFORCINGBAR,Sub Level,2,2.12,Rebar,"Bar sits on the substructure level, so it is taken as raft reinforcement. The model carries no bar-to-host relationship to confirm it.",0.6
2EBpToNovFPhJol0uV4mFI,IFCREINFORCINGBAR,Sub Level,2,2.12,Rebar,"Bar sits on the substructure level, so it is taken as raft reinforcement. The model carries no bar-to-host relationship to confirm it.",0.6
2EBpToNovFPhJol0yV4mFI,IFCREINFORCINGBAR,Sub Level,2,2.12,Rebar,"Bar sits on the substructure level, so it is taken as raft reinforcement. The model carries no bar-to-host relationship to confirm it.",0.6
2EBpToNovFPhJol10V4mFI,IFCREINFORCINGBAR,Sub Level,2,2.12,Rebar,"Bar sits on the substructure level, so it is taken as raft reinforcement. The model carries no bar-to-host relationship to confirm it.",0.6
2EBpToNovFPhJol14V4mFI,IFCREINFORCINGBAR,Sub Level,2,2.12,Rebar,"Bar sits on the substructure level, so it is taken as raft reinforcement. The model carries no bar-to-host relationship to confirm it.",0.6
2EBpToNovFPhJol18V4mFI,IFCREINFORCINGBAR,Sub Level,2,2.12,Rebar,"Bar sits on the substructure level, so it is taken as raft reinforcement. The model carries no bar-to-host relationship to confirm it.",0.6
2EBpToNovFPhJol1CV4mFI,IFCREINFORCINGBAR,Sub Level,2,2.12,Rebar,"Bar sits on the substructure level, so it is taken as raft reinforcement. The model carries no bar-to-host relationship to confirm it.",0.6
2EBpToNovFPhJol1GV4mFI,IFCREINFORCINGBAR,Sub Level,2,2.12,Rebar,"Bar sits on the substructure level, so it is taken as raft reinforcement. The model carries no bar-to-host relationship to confirm it.",0.6
2EBpToNovFPhJol1KV4mFI,IFCREINFORCINGBAR,Sub Level,2,2.12,Rebar,"Bar sits on the substructure level, so it is taken as raft reinforcement. The model carries no bar-to-host relationship to confirm it.",0.6
2EBpToNovFPhJol1OV4mFI,IFCREINFORCINGBAR,Sub Level,2,2.12,Rebar,"Bar sits on the substructure level, so it is taken as raft reinforcement. The model carries no bar-to-host relationship to confirm it.",0.6
2EBpToNovFPhJol1SV4mFI,IFCREINFORCINGBAR,Sub Level,2,2.12,Rebar,"Bar sits on the substructure level, so it is taken as raft reinforcement. The model carries no bar-to-host relationship to confirm it.",0.6
2EBpToNovFPhJol1WV4mFI,IFCREINFORCINGBAR,Sub Level,2,2.12,Rebar,"Bar sits on the substructure level, so it is taken as raft reinforcement. The model carries no bar-to-host relationship to confirm it.",0.6
2EBpToNovFPhJol1aV4mFI,IFCREINFORCINGBAR,Sub Level,2,2.12,Rebar,"Bar sits on the substructure level, so it is taken as raft reinforcement. The model carries no bar-to-host relationship to confirm it.",0.6
2EBpToNovFPhJol1eV4mFI,IFCREINFORCINGBAR,Sub Level,2,2.12,Rebar,"Bar sits on the substructure level, so it is taken as raft reinforcement. The model carries no bar-to-host relationship to confirm it.",0.6
2EBpToNovFPhJol1iV4mFI,IFCREINFORCINGBAR,Sub Level,2,2.12,Rebar,"Bar sits on the substructure level, so it is taken as raft reinforcement. The model carries no bar-to-host relationship to confirm it.",0.6
2EBpToNovFPhJol1mV4mFI,IFCREINFORCINGBAR,Sub Level,2,2.12,Rebar,"Bar sits on the substructure level, so it is taken as raft reinforcement. The model carries no bar-to-host relationship to confirm it.",0.6
2EBpToNovFPhJol1qV4mFI,IFCREINFORCINGBAR,Sub Level,2,2.12,Rebar,"Bar sits on the substructure level, so it is taken as raft reinforcement. The model carries no bar-to-host relationship to confirm it.",0.6
2EBpToNovFPhJol1uV4mFI,IFCREINFORCINGBAR,Sub Level,2,2.12,Rebar,"Bar sits on the substructure level, so it is taken as raft reinforcement. The model carries no bar-to-host relationship to confirm it.",0.6
2EBpToNovFPhJol1yV4mFI,IFCREINFORCINGBAR,Sub Level,2,2.12,Rebar,"Bar sits on the substructure level, so it is taken as raft reinforcement. The model carries no bar-to-host relationship to confirm it.",0.6
2EBpToNovFPhJol20V4mFI,IFCREINFORCINGBAR,Sub Level,2,2.12,Rebar,"Bar sits on the substructure level, so it is taken as raft reinforcement. The model carries no bar-to-host relationship to confirm it.",0.6
2EBpToNovFPhJol24V4mFI,IFCREINFORCINGBAR,Sub Level,2,2.12,Rebar,"Bar sits on the substructure level, so it is taken as raft reinforcement. The model carries no bar-to-host relationship to confirm it.",0.6
2EBpToNovFPhJol28V4mFI,IFCREINFORCINGBAR,Sub Level,2,2.12,Rebar,"Bar sits on the substructure level, so it is taken as raft reinforcement. The model carries no bar-to-host relationship to confirm it.",0.6
2EBpToNovFPhJol2CV4mFI,IFCREINFORCINGBAR,Sub Level,2,2.12,Rebar,"Bar sits on the substructure level, so it is taken as raft reinforcement. The model carries no bar-to-host relationship to confirm it.",0.6
2EBpToNovFPhJol2GV4mFI,IFCREINFORCINGBAR,Sub Level,2,2.12,Rebar,"Bar sits on the substructure level, so it is taken as raft reinforcement. The model carries no bar-to-host relationship to confirm it.",0.6
2EBpToNovFPhJol2KV4mFI,IFCREINFORCINGBAR,Sub Level,2,2.12,Rebar,"Bar sits on the substructure level, so it is taken as raft reinforcement. The model carries no bar-to-host relationship to confirm it.",0.6
2EBpToNovFPhJol2OV4mFI,IFCREINFORCINGBAR,Sub Level,2,2.12,Rebar,"Bar sits on the substructure level, so it is taken as raft reinforcement. The model carries no bar-to-host relationship to confirm it.",0.6
2EBpToNovFPhJol2SV4mFI,IFCREINFORCINGBAR,Sub Level,2,2.12,Rebar,"Bar sits on the substructure level, so it is taken as raft reinforcement. The model carries no bar-to-host relationship to confirm it.",0.6
2EBpToNovFPhJol2WV4mFI,IFCREINFORCINGBAR,Sub Level,2,2.12,Rebar,"Bar sits on the substructure level, so it is taken as raft reinforcement. The model carries no bar-to-host relationship to confirm it.",0.6
2EBpToNovFPhJol2aV4mFI,IFCREINFORCINGBAR,Sub Level,2,2.12,Rebar,"Bar sits on the substructure level, so it is taken as raft reinforcement. The model carries no bar-to-host relationship to confirm it.",0.6
2EBpToNovFPhJol2eV4mFI,IFCREINFORCINGBAR,Sub Level,2,2.12,Rebar,"Bar sits on the substructure level, so it is taken as raft reinforcement. The model carries no bar-to-host relationship to confirm it.",0.6
2EBpToNovFPhJol2iV4mFI,IFCREINFORCINGBAR,Sub Level,2,2.12,Rebar,"Bar sits on the substructure level, so it is taken as raft reinforcement. The model carries no bar-to-host relationship to confirm it.",0.6
2EBpToNovFPhJol2mV4mFI,IFCREINFORCINGBAR,Sub Level,2,2.12,Rebar,"Bar sits on the substructure level, so it is taken as raft reinforcement. The model carries no bar-to-host relationship to confirm it.",0.6
2EBpToNovFPhJol2qV4mFI,IFCREINFORCINGBAR,Sub Level,2,2.12,Rebar,"Bar sits on the substructure level, so it is taken as raft reinforcement. The model carries no bar-to-host relationship to confirm it.",0.6
2EBpToNovFPhJol2uV4mFI,IFCREINFORCINGBAR,Sub Level,2,2.12,Rebar,"Bar sits on the substructure level, so it is taken as raft reinforcement. The model carries no bar-to-host relationship to confirm it.",0.6
2EBpToNovFPhJol2yV4mFI,IFCREINFORCINGBAR,Sub Level,2,2.12,Rebar,"Bar sits on the substructure level, so it is taken as raft reinforcement. The model carries no bar-to-host relationship to confirm it.",0.6
2EBpToNovFPhJol30V4mFI,IFCREINFORCINGBAR,Sub Level,2,2.12,Rebar,"Bar sits on the substructure level, so it is taken as raft reinforcement. The model carries no bar-to-host relationship to confirm it.",0.6
2EBpToNovFPhJol34V4mFI,IFCREINFORCINGBAR,Sub Level,2,2.12,Rebar,"Bar sits on the substructure level, so it is taken as raft reinforcement. The model carries no bar-to-host relationship to confirm it.",0.6
2EBpToNovFPhJol38V4mFI,IFCREINFORCINGBAR,Sub Level,2,2.12,Rebar,"Bar sits on the substructure level, so it is taken as raft reinforcement. The model carries no bar-to-host relationship to confirm it.",0.6
2EBpToNovFPhJol3CV4mFI,IFCREINFORCINGBAR,Sub Level,2,2.12,Rebar,"Bar sits on the substructure level, so it is taken as raft reinforcement. The model carries no bar-to-host relationship to confirm it.",0.6
2EBpToNovFPhJol3GV4mFI,IFCREINFORCINGBAR,Sub Level,2,2.12,Rebar,"Bar sits on the substructure level, so it is taken as raft reinforcement. The model carries no bar-to-host relationship to confirm it.",0.6
2EBpToNovFPhJol3KV4mFI,IFCREINFORCINGBAR,Sub Level,2,2.12,Rebar,"Bar sits on the substructure level, so it is taken as raft reinforcement. The model carries no bar-to-host relationship to confirm it.",0.6
2EBpToNovFPhJol3OV4mFI,IFCREINFORCINGBAR,Sub Level,2,2.12,Rebar,"Bar sits on the substructure level, so it is taken as raft reinforcement. The model carries no bar-to-host relationship to confirm it.",0.6
2EBpToNovFPhJol3SV4mFI,IFCREINFORCINGBAR,Sub Level,2,2.12,Rebar,"Bar sits on the substructure level, so it is taken as raft reinforcement. The model carries no bar-to-host relationship to confirm it.",0.6
2EBpToNovFPhJol3WV4mFI,IFCREINFORCINGBAR,Sub Level,2,2.12,Rebar,"Bar sits on the substructure level, so it is taken as raft reinforcement. The model carries no bar-to-host relationship to confirm it.",0.6
2EBpToNovFPhJol3aV4mFI,IFCREINFORCINGBAR,Sub Level,2,2.12,Rebar,"Bar sits on the substructure level, so it is taken as raft reinforcement. The model carries no bar-to-host relationship to confirm it.",0.6
2EBpToNovFPhJol3eV4mFI,IFCREINFORCINGBAR,Sub Level,2,2.12,Rebar,"Bar sits on the substructure level, so it is taken as raft reinforcement. The model carries no bar-to-host relationship to confirm it.",0.6
2EBpToNovFPhJol3iV4mFI,IFCREINFORCINGBAR,Sub Level,2,2.12,Rebar,"Bar sits on the substructure level, so it is taken as raft reinforcement. The model carries no bar-to-host relationship to confirm it.",0.6
2EBpToNovFPhJol3mV4mFI,IFCREINFORCINGBAR,Sub Level,2,2.12,Rebar,"Bar sits on the substructure level, so it is taken as raft reinforcement. The model carries no bar-to-host relationship to confirm it.",0.6
2EBpToNovFPhJol3qV4mFI,IFCREINFORCINGBAR,Sub Level,2,2.12,Rebar,"Bar sits on the substructure level, so it is taken as raft reinforcement. The model carries no bar-to-host relationship to confirm it.",0.6
2EBpToNovFPhJol3uV4mFI,IFCREINFORCINGBAR,Sub Level,2,2.12,Rebar,"Bar sits on the substructure level, so it is taken as raft reinforcement. The model carries no bar-to-host relationship to confirm it.",0.6
2EBpToNovFPhJol3yV4mFI,IFCREINFORCINGBAR,Sub Level,2,2.12,Rebar,"Bar sits on the substructure level, so it is taken as raft reinforcement. The model carries no bar-to-host relationship to confirm it.",0.6
2EBpToNovFPhJol40V4mFI,IFCREINFORCINGBAR,Sub Level,2,2.12,Rebar,"Bar sits on the substructure level, so it is taken as raft reinforcement. The model carries no bar-to-host relationship to confirm it.",0.6
2EBpToNovFPhJol44V4mFI,IFCREINFORCINGBAR,Sub Level,2,2.12,Rebar,"Bar sits on the substructure level, so it is taken as raft reinforcement. The model carries no bar-to-host relationship to confirm it.",0.6
2EBpToNovFPhJol48V4mFI,IFCREINFORCINGBAR,Sub Level,2,2.12,Rebar,"Bar sits on the substructure level, so it is taken as raft reinforcement. The model carries no bar-to-host relationship to confirm it.",0.6
2EBpToNovFPhJol4CV4mFI,IFCREINFORCINGBAR,Sub Level,2,2.12,Rebar,"Bar sits on the substructure level, so it is taken as raft reinforcement. The model carries no bar-to-host relationship to confirm it.",0.6
2EBpToNovFPhJol4GV4mFI,IFCREINFORCINGBAR,Sub Level,2,2.12,Rebar,"Bar sits on the substructure level, so it is taken as raft reinforcement. The model carries no bar-to-host relationship to confirm it.",0.6
2EBpToNovFPhJol4KV4mFI,IFCREINFORCINGBAR,Sub Level,2,2.12,Rebar,"Bar sits on the substructure level, so it is taken as raft reinforcement. The model carries no bar-to-host relationship to confirm it.",0.6
2EBpToNovFPhJol4OV4mFI,IFCREINFORCINGBAR,Sub Level,2,2.12,Rebar,"Bar sits on the substructure level, so it is taken as raft reinforcement. The model carries no bar-to-host relationship to confirm it.",0.6
2EBpToNovFPhJol4SV4mFI,IFCREINFORCINGBAR,Sub Level,2,2.12,Rebar,"Bar sits on the substructure level, so it is taken as raft reinforcement. The model carries no bar-to-host relationship to confirm it.",0.6
2EBpToNovFPhJol4WV4mFI,IFCREINFORCINGBAR,Sub Level,2,2.12,Rebar,"Bar sits on the substructure level, so it is taken as raft reinforcement. The model carries no bar-to-host relationship to confirm it.",0.6
2EBpToNovFPhJol4aV4mFI,IFCREINFORCINGBAR,Sub Level,2,2.12,Rebar,"Bar sits on the substructure level, so it is taken as raft reinforcement. The model carries no bar-to-host relationship to confirm it.",0.6
2EBpToNovFPhJol4eV4mFI,IFCREINFORCINGBAR,Sub Level,2,2.12,Rebar,"Bar sits on the substructure level, so it is taken as raft reinforcement. The model carries no bar-to-host relationship to confirm it.",0.6
2EBpToNovFPhJol4iV4mFI,IFCREINFORCINGBAR,Sub Level,2,2.12,Rebar,"Bar sits on the substructure level, so it is taken as raft reinforcement. The model carries no bar-to-host relationship to confirm it.",0.6
2EBpToNovFPhJol4mV4mFI,IFCREINFORCINGBAR,Sub Level,2,2.12,Rebar,"Bar sits on the substructure level, so it is taken as raft reinforcement. The model carries no bar-to-host relationship to confirm it.",0.6
2EBpToNovFPhJol4qV4mFI,IFCREINFORCINGBAR,Sub Level,2,2.12,Rebar,"Bar sits on the substructure level, so it is taken as raft reinforcement. The model carries no bar-to-host relationship to confirm it.",0.6
2EBpToNovFPhJol4uV4mFI,IFCREINFORCINGBAR,Sub Level,2,2.12,Rebar,"Bar sits on the substructure level, so it is taken as raft reinforcement. The model carries no bar-to-host relationship to confirm it.",0.6
2EBpToNovFPhJol4yV4mFI,IFCREINFORCINGBAR,Sub Level,2,2.12,Rebar,"Bar sits on the substructure level, so it is taken as raft reinforcement. The model carries no bar-to-host relationship to confirm it.",0.6
2EBpToNovFPhJol50V4mFI,IFCREINFORCINGBAR,Sub Level,2,2.12,Rebar,"Bar sits on the substructure level, so it is taken as raft reinforcement. The model carries no bar-to-host relationship to confirm it.",0.6
2EBpToNovFPhJol54V4mFI,IFCREINFORCINGBAR,Sub Level,2,2.12,Rebar,"Bar sits on the substructure level, so it is taken as raft reinforcement. The model carries no bar-to-host relationship to confirm it.",0.6
2EBpToNovFPhJol58V4mFI,IFCREINFORCINGBAR,Sub Level,2,2.12,Rebar,"Bar sits on the substructure level, so it is taken as raft reinforcement. The model carries no bar-to-host relationship to confirm it.",0.6
2EBpToNovFPhJol5CV4mFI,IFCREINFORCINGBAR,Sub Level,2,2.12,Rebar,"Bar sits on the substructure level, so it is taken as raft reinforcement. The model carries no bar-to-host relationship to confirm it.",0.6
2EBpToNovFPhJol5GV4mFI,IFCREINFORCINGBAR,Sub Level,2,2.12,Rebar,"Bar sits on the substructure level, so it is taken as raft reinforcement. The model carries no bar-to-host relationship to confirm it.",0.6
2EBpToNovFPhJol5KV4mFI,IFCREINFORCINGBAR,Sub Level,2,2.12,Rebar,"Bar sits on the substructure level, so it is taken as raft reinforcement. The model carries no bar-to-host relationship to confirm it.",0.6
2EBpToNovFPhJol5OV4mFI,IFCREINFORCINGBAR,Sub Level,2,2.12,Rebar,"Bar sits on the substructure level, so it is taken as raft reinforcement. The model carries no bar-to-host relationship to confirm it.",0.6
2EBpToNovFPhJol5SV4mFI,IFCREINFORCINGBAR,Sub Level,2,2.12,Rebar,"Bar sits on the substructure level, so it is taken as raft reinforcement. The model carries no bar-to-host relationship to confirm it.",0.6
2EBpToNovFPhJol5WV4mFI,IFCREINFORCINGBAR,Sub Level,2,2.12,Rebar,"Bar sits on the substructure level, so it is taken as raft reinforcement. The model carries no bar-to-host relationship to confirm it.",0.6
2EBpToNovFPhJol5aV4mFI,IFCREINFORCINGBAR,Sub Level,2,2.12,Rebar,"Bar sits on the substructure level, so it is taken as raft reinforcement. The model carries no bar-to-host relationship to confirm it.",0.6
2EBpToNovFPhJol5eV4mFI,IFCREINFORCINGBAR,Sub Level,2,2.12,Rebar,"Bar sits on the substructure level, so it is taken as raft reinforcement. The model carries no bar-to-host relationship to confirm it.",0.6
2EBpToNovFPhJol5iV4mFI,IFCREINFORCINGBAR,Sub Level,2,2.12,Rebar,"Bar sits on the substructure level, so it is taken as raft reinforcement. The model carries no bar-to-host relationship to confirm it.",0.6
2EBpToNovFPhJol5mV4mFI,IFCREINFORCINGBAR,Sub Level,2,2.12,Rebar,"Bar sits on the substructure level, so it is taken as raft reinforcement. The model carries no bar-to-host relationship to confirm it.",0.6
2EBpToNovFPhJol5qV4mFI,IFCREINFORCINGBAR,Sub Level,2,2.12,Rebar,"Bar sits on the substructure level, so it is taken as raft reinforcement. The model carries no bar-to-host relationship to confirm it.",0.6
2EBpToNovFPhJol5uV4mFI,IFCREINFORCINGBAR,Sub Level,2,2.12,Rebar,"Bar sits on the substructure level, so it is taken as raft reinforcement. The model carries no bar-to-host relationship to confirm it.",0.6
2EBpToNovFPhJol5yV4mFI,IFCREINFORCINGBAR,Sub Level,2,2.12,Rebar,"Bar sits on the substructure level, so it is taken as raft reinforcement. The model carries no bar-to-host relationship to confirm it.",0.6
2EBpToNovFPhJol60V4mFI,IFCREINFORCINGBAR,Sub Level,2,2.12,Rebar,"Bar sits on the substructure level, so it is taken as raft reinforcement. The model carries no bar-to-host relationship to confirm it.",0.6
2EBpToNovFPhJol64V4mFI,IFCREINFORCINGBAR,Sub Level,2,2.12,Rebar,"Bar sits on the substructure level, so it is taken as raft reinforcement. The model carries no bar-to-host relationship to confirm it.",0.6
2EBpToNovFPhJol68V4mFI,IFCREINFORCINGBAR,Sub Level,2,2.12,Rebar,"Bar sits on the substructure level, so it is taken as raft reinforcement. The model carries no bar-to-host relationship to confirm it.",0.6
2EBpToNovFPhJol6CV4mFI,IFCREINFORCINGBAR,Sub Level,2,2.12,Rebar,"Bar sits on the substructure level, so it is taken as raft reinforcement. The model carries no bar-to-host relationship to confirm it.",0.6
2EBpToNovFPhJol6GV4mFI,IFCREINFORCINGBAR,Sub Level,2,2.12,Rebar,"Bar sits on the substructure level, so it is taken as raft reinforcement. The model carries no bar-to-host relationship to confirm it.",0.6
2EBpToNovFPhJol6KV4mFI,IFCREINFORCINGBAR,Sub Level,2,2.12,Rebar,"Bar sits on the substructure level, so it is taken as raft reinforcement. The model carries no bar-to-host relationship to confirm it.",0.6
2EBpToNovFPhJol6OV4mFI,IFCREINFORCINGBAR,Sub Level,2,2.12,Rebar,"Bar sits on the substructure level, so it is taken as raft reinforcement. The model carries no bar-to-host relationship to confirm it.",0.6
2EBpToNovFPhJol6SV4mFI,IFCREINFORCINGBAR,Sub Level,2,2.12,Rebar,"Bar sits on the substructure level, so it is taken as raft reinforcement. The model carries no bar-to-host relationship to confirm it.",0.6
2EBpToNovFPhJol6WV4mFI,IFCREINFORCINGBAR,Sub Level,2,2.12,Rebar,"Bar sits on the substructure level, so it is taken as raft reinforcement. The model carries no bar-to-host relationship to confirm it.",0.6
2EBpToNovFPhJol6aV4mFI,IFCREINFORCINGBAR,Sub Level,2,2.12,Rebar,"Bar sits on the substructure level, so it is taken as raft reinforcement. The model carries no bar-to-host relationship to confirm it.",0.6
2EBpToNovFPhJol6eV4mFI,IFCREINFORCINGBAR,Sub Level,2,2.12,Rebar,"Bar sits on the substructure level, so it is taken as raft reinforcement. The model carries no bar-to-host relationship to confirm it.",0.6
2EBpToNovFPhJol6iV4mFI,IFCREINFORCINGBAR,Sub Level,2,2.12,Rebar,"Bar sits on the substructure level, so it is taken as raft reinforcement. The model carries no bar-to-host relationship to confirm it.",0.6
2EBpToNovFPhJol6mV4mFI,IFCREINFORCINGBAR,Sub Level,2,2.12,Rebar,"Bar sits on the substructure level, so it is taken as raft reinforcement. The model carries no bar-to-host relationship to confirm it.",0.6
2EBpToNovFPhJol6qV4mFI,IFCREINFORCINGBAR,Sub Level,2,2.12,Rebar,"Bar sits on the substructure level, so it is taken as raft reinforcement. The model carries no bar-to-host relationship to confirm it.",0.6
2EBpToNovFPhJol6uV4mFI,IFCREINFORCINGBAR,Sub Level,2,2.12,Rebar,"Bar sits on the substructure level, so it is taken as raft reinforcement. The model carries no bar-to-host relationship to confirm it.",0.6
2EBpToNovFPhJol6yV4mFI,IFCREINFORCINGBAR,Sub Level,2,2.12,Rebar,"Bar sits on the substructure level, so it is taken as raft reinforcement. The model carries no bar-to-host relationship to confirm it.",0.6
2EBpToNovFPhJol70V4mFI,IFCREINFORCINGBAR,Sub Level,2,2.12,Rebar,"Bar sits on the substructure level, so it is taken as raft reinforcement. The model carries no bar-to-host relationship to confirm it.",0.6
2EBpToNovFPhJol74V4mFI,IFCREINFORCINGBAR,Sub Level,2,2.12,Rebar,"Bar sits on the substructure level, so it is taken as raft reinforcement. The model carries no bar-to-host relationship to confirm it.",0.6
2EBpToNovFPhJol78V4mFI,IFCREINFORCINGBAR,Sub Level,2,2.12,Rebar,"Bar sits on the substructure level, so it is taken as raft reinforcement. The model carries no bar-to-host relationship to confirm it.",0.6
2EBpToNovFPhJol7CV4mFI,IFCREINFORCINGBAR,Sub Level,2,2.12,Rebar,"Bar sits on the substructure level, so it is taken as raft reinforcement. The model carries no bar-to-host relationship to confirm it.",0.6
2EBpToNovFPhJol7GV4mFI,IFCREINFORCINGBAR,Sub Level,2,2.12,Rebar,"Bar sits on the substructure level, so it is taken as raft reinforcement. The model carries no bar-to-host relationship to confirm it.",0.6
2EBpToNovFPhJol7KV4mFI,IFCREINFORCINGBAR,Sub Level,2,2.12,Rebar,"Bar sits on the substructure level, so it is taken as raft reinforcement. The model carries no bar-to-host relationship to confirm it.",0.6
2EBpToNovFPhJol7OV4mFI,IFCREINFORCINGBAR,Sub Level,2,2.12,Rebar,"Bar sits on the substructure level, so it is taken as raft reinforcement. The model carries no bar-to-host relationship to confirm it.",0.6
2EBpToNovFPhJol7SV4mFI,IFCREINFORCINGBAR,Sub Level,2,2.12,Rebar,"Bar sits on the substructure level, so it is taken as raft reinforcement. The model carries no bar-to-host relationship to confirm it.",0.6
2EBpToNovFPhJol7WV4mFI,IFCREINFORCINGBAR,Sub Level,2,2.12,Rebar,"Bar sits on the substructure level, so it is taken as raft reinforcement. The model carries no bar-to-host relationship to confirm it.",0.6
2EBpToNovFPhJol7aV4mFI,IFCREINFORCINGBAR,Sub Level,2,2.12,Rebar,"Bar sits on the substructure level, so it is taken as raft reinforcement. The model carries no bar-to-host relationship to confirm it.",0.6
2EBpToNovFPhJol7eV4mFI,IFCREINFORCINGBAR,Sub Level,2,2.12,Rebar,"Bar sits on the substructure level, so it is taken as raft reinforcement. The model carries no bar-to-host relationship to confirm it.",0.6
2EBpToNovFPhJol7iV4mFI,IFCREINFORCINGBAR,Sub Level,2,2.12,Rebar,"Bar sits on the substructure level, so it is taken as raft reinforcement. The model carries no bar-to-host relationship to confirm it.",0.6
2EBpToNovFPhJol7mV4mFI,IFCREINFORCINGBAR,Sub Level,2,2.12,Rebar,"Bar sits on the substructure level, so it is taken as raft reinforcement. The model carries no bar-to-host relationship to confirm it.",0.6
2EBpToNovFPhJol7qV4mFI,IFCREINFORCINGBAR,Sub Level,2,2.12,Rebar,"Bar sits on the substructure level, so it is taken as raft reinforcement. The model carries no bar-to-host relationship to confirm it.",0.6
2EBpToNovFPhJol7uV4mFI,IFCREINFORCINGBAR,Sub Level,2,2.12,Rebar,"Bar sits on the substructure level, so it is taken as raft reinforcement. The model carries no bar-to-host relationship to confirm it.",0.6
2EBpToNovFPhJol7yV4mFI,IFCREINFORCINGBAR,Sub Level,2,2.12,Rebar,"Bar sits on the substructure level, so it is taken as raft reinforcement. The model carries no bar-to-host relationship to confirm it.",0.6
2EBpToNovFPhJol80V4mFI,IFCREINFORCINGBAR,Sub Level,2,2.12,Rebar,"Bar sits on the substructure level, so it is taken as raft reinforcement. The model carries no bar-to-host relationship to confirm it.",0.6
2EBpToNovFPhJol84V4mFI,IFCREINFORCINGBAR,Sub Level,2,2.12,Rebar,"Bar sits on the substructure level, so it is taken as raft reinforcement. The model carries no bar-to-host relationship to confirm it.",0.6
2EBpToNovFPhJol88V4mFI,IFCREINFORCINGBAR,Sub Level,2,2.12,Rebar,"Bar sits on the substructure level, so it is taken as raft reinforcement. The model carries no bar-to-host relationship to confirm it.",0.6
2EBpToNovFPhJol8CV4mFI,IFCREINFORCINGBAR,Sub Level,2,2.12,Rebar,"Bar sits on the substructure level, so it is taken as raft reinforcement. The model carries no bar-to-host relationship to confirm it.",0.6
2EBpToNovFPhJol8GV4mFI,IFCREINFORCINGBAR,Sub Level,2,2.12,Rebar,"Bar sits on the substructure level, so it is taken as raft reinforcement. The model carries no bar-to-host relationship to confirm it.",0.6
2EBpToNovFPhJol8KV4mFI,IFCREINFORCINGBAR,Sub Level,2,2.12,Rebar,"Bar sits on the substructure level, so it is taken as raft reinforcement. The model carries no bar-to-host relationship to confirm it.",0.6
2EBpToNovFPhJol8OV4mFI,IFCREINFORCINGBAR,Sub Level,2,2.12,Rebar,"Bar sits on the substructure level, so it is taken as raft reinforcement. The model carries no bar-to-host relationship to confirm it.",0.6
2EBpToNovFPhJol8SV4mFI,IFCREINFORCINGBAR,Sub Level,2,2.12,Rebar,"Bar sits on the substructure level, so it is taken as raft reinforcement. The model carries no bar-to-host relationship to confirm it.",0.6
2EBpToNovFPhJol8WV4mFI,IFCREINFORCINGBAR,Sub Level,2,2.12,Rebar,"Bar sits on the substructure level, so it is taken as raft reinforcement. The model carries no bar-to-host relationship to confirm it.",0.6
2EBpToNovFPhJol8aV4mFI,IFCREINFORCINGBAR,Sub Level,2,2.12,Rebar,"Bar sits on the substructure level, so it is taken as raft reinforcement. The model carries no bar-to-host relationship to confirm it.",0.6
2EBpToNovFPhJol8eV4mFI,IFCREINFORCINGBAR,Sub Level,2,2.12,Rebar,"Bar sits on the substructure level, so it is taken as raft reinforcement. The model carries no bar-to-host relationship to confirm it.",0.6
2EBpToNovFPhJol8iV4mFI,IFCREINFORCINGBAR,Sub Level,2,2.12,Rebar,"Bar sits on the substructure level, so it is taken as raft reinforcement. The model carries no bar-to-host relationship to confirm it.",0.6
2EBpToNovFPhJol8mV4mFI,IFCREINFORCINGBAR,Sub Level,2,2.12,Rebar,"Bar sits on the substructure level, so it is taken as raft reinforcement. The model carries no bar-to-host relationship to confirm it.",0.6
2EBpToNovFPhJol8qV4mFI,IFCREINFORCINGBAR,Sub Level,2,2.12,Rebar,"Bar sits on the substructure level, so it is taken as raft reinforcement. The model carries no bar-to-host relationship to confirm it.",0.6
2EBpToNovFPhJol8uV4mFI,IFCREINFORCINGBAR,Sub Level,2,2.12,Rebar,"Bar sits on the substructure level, so it is taken as raft reinforcement. The model carries no bar-to-host relationship to confirm it.",0.6
2EBpToNovFPhJol8yV4mFI,IFCREINFORCINGBAR,Sub Level,2,2.12,Rebar,"Bar sits on the substructure level, so it is taken as raft reinforcement. The model carries no bar-to-host relationship to confirm it.",0.6
2EBpToNovFPhJol90V4mFI,IFCREINFORCINGBAR,Sub Level,2,2.12,Rebar,"Bar sits on the substructure level, so it is taken as raft reinforcement. The model carries no bar-to-host relationship to confirm it.",0.6
2EBpToNovFPhJol94V4mFI,IFCREINFORCINGBAR,Sub Level,2,2.12,Rebar,"Bar sits on the substructure level, so it is taken as raft reinforcement. The model carries no bar-to-host relationship to confirm it.",0.6
2EBpToNovFPhJol98V4mFI,IFCREINFORCINGBAR,Sub Level,2,2.12,Rebar,"Bar sits on the substructure level, so it is taken as raft reinforcement. The model carries no bar-to-host relationship to confirm it.",0.6
2EBpToNovFPhJol9CV4mFI,IFCREINFORCINGBAR,Sub Level,2,2.12,Rebar,"Bar sits on the substructure level, so it is taken as raft reinforcement. The model carries no bar-to-host relationship to confirm it.",0.6
2EBpToNovFPhJol9GV4mFI,IFCREINFORCINGBAR,Sub Level,2,2.12,Rebar,"Bar sits on the substructure level, so it is taken as raft reinforcement. The model carries no bar-to-host relationship to confirm it.",0.6
2EBpToNovFPhJol9KV4mFI,IFCREINFORCINGBAR,Sub Level,2,2.12,Rebar,"Bar sits on the substructure level, so it is taken as raft reinforcement. The model carries no bar-to-host relationship to confirm it.",0.6
2EBpToNovFPhJol9OV4mFI,IFCREINFORCINGBAR,Sub Level,2,2.12,Rebar,"Bar sits on the substructure level, so it is taken as raft reinforcement. The model carries no bar-to-host relationship to confirm it.",0.6
2EBpToNovFPhJol9SV4mFI,IFCREINFORCINGBAR,Sub Level,2,2.12,Rebar,"Bar sits on the substructure level, so it is taken as raft reinforcement. The model carries no bar-to-host relationship to confirm it.",0.6
2EBpToNovFPhJol9WV4mFI,IFCREINFORCINGBAR,Sub Level,2,2.12,Rebar,"Bar sits on the substructure level, so it is taken as raft reinforcement. The model carries no bar-to-host relationship to confirm it.",0.6
2EBpToNovFPhJol9aV4mFI,IFCREINFORCINGBAR,Sub Level,2,2.12,Rebar,"Bar sits on the substructure level, so it is taken as raft reinforcement. The model carries no bar-to-host relationship to confirm it.",0.6
2EBpToNovFPhJol9eV4mFI,IFCREINFORCINGBAR,Sub Level,2,2.12,Rebar,"Bar sits on the substructure level, so it is taken as raft reinforcement. The model carries no bar-to-host relationship to confirm it.",0.6
2EBpToNovFPhJol9iV4mFI,IFCREINFORCINGBAR,Sub Level,2,2.12,Rebar,"Bar sits on the substructure level, so it is taken as raft reinforcement. The model carries no bar-to-host relationship to confirm it.",0.6
2EBpToNovFPhJol9mV4mFI,IFCREINFORCINGBAR,Sub Level,2,2.12,Rebar,"Bar sits on the substructure level, so it is taken as raft reinforcement. The model carries no bar-to-host relationship to confirm it.",0.6
2EBpToNovFPhJol9qV4mFI,IFCREINFORCINGBAR,Sub Level,2,2.12,Rebar,"Bar sits on the substructure level, so it is taken as raft reinforcement. The model carries no bar-to-host relationship to confirm it.",0.6
2EBpToNovFPhJol9uV4mFI,IFCREINFORCINGBAR,Sub Level,2,2.12,Rebar,"Bar sits on the substructure level, so it is taken as raft reinforcement. The model carries no bar-to-host relationship to confirm it.",0.6
2EBpToNovFPhJol9yV4mFI,IFCREINFORCINGBAR,Sub Level,2,2.12,Rebar,"Bar sits on the substructure level, so it is taken as raft reinforcement. The model carries no bar-to-host relationship to confirm it.",0.6
2EBpToNovFPhJolA0V4mFI,IFCREINFORCINGBAR,Sub Level,2,2.12,Rebar,"Bar sits on the substructure level, so it is taken as raft reinforcement. The model carries no bar-to-host relationship to confirm it.",0.6
2EBpToNovFPhJolA4V4mFI,IFCREINFORCINGBAR,Sub Level,2,2.12,Rebar,"Bar sits on the substructure level, so it is taken as raft reinforcement. The model carries no bar-to-host relationship to confirm it.",0.6
2EBpToNovFPhJolA8V4mFI,IFCREINFORCINGBAR,Sub Level,2,2.12,Rebar,"Bar sits on the substructure level, so it is taken as raft reinforcement. The model carries no bar-to-host relationship to confirm it.",0.6
2EBpToNovFPhJolACV4mFI,IFCREINFORCINGBAR,Sub Level,2,2.12,Rebar,"Bar sits on the substructure level, so it is taken as raft reinforcement. The model carries no bar-to-host relationship to confirm it.",0.6
2EBpToNovFPhJolAGV4mFI,IFCREINFORCINGBAR,Sub Level,2,2.12,Rebar,"Bar sits on the substructure level, so it is taken as raft reinforcement. The model carries no bar-to-host relationship to confirm it.",0.6
2EBpToNovFPhJolAKV4mFI,IFCREINFORCINGBAR,Sub Level,2,2.12,Rebar,"Bar sits on the substructure level, so it is taken as raft reinforcement. The model carries no bar-to-host relationship to confirm it.",0.6
2EBpToNovFPhJolAOV4mFI,IFCREINFORCINGBAR,Sub Level,2,2.12,Rebar,"Bar sits on the substructure level, so it is taken as raft reinforcement. The model carries no bar-to-host relationship to confirm it.",0.6
2EBpToNovFPhJolASV4mFI,IFCREINFORCINGBAR,Sub Level,2,2.12,Rebar,"Bar sits on the substructure level, so it is taken as raft reinforcement. The model carries no bar-to-host relationship to confirm it.",0.6
2EBpToNovFPhJolAWV4mFI,IFCREINFORCINGBAR,Sub Level,2,2.12,Rebar,"Bar sits on the substructure level, so it is taken as raft reinforcement. The model carries no bar-to-host relationship to confirm it.",0.6
2EBpToNovFPhJolAaV4mFI,IFCREINFORCINGBAR,Sub Level,2,2.12,Rebar,"Bar sits on the substructure level, so it is taken as raft reinforcement. The model carries no bar-to-host relationship to confirm it.",0.6
2EBpToNovFPhJolAeV4mFI,IFCREINFORCINGBAR,Sub Level,2,2.12,Rebar,"Bar sits on the substructure level, so it is taken as raft reinforcement. The model carries no bar-to-host relationship to confirm it.",0.6
2EBpToNovFPhJolAiV4mFI,IFCREINFORCINGBAR,Sub Level,2,2.12,Rebar,"Bar sits on the substructure level, so it is taken as raft reinforcement. The model carries no bar-to-host relationship to confirm it.",0.6
2EBpToNovFPhJolAmV4mFI,IFCREINFORCINGBAR,Sub Level,2,2.12,Rebar,"Bar sits on the substructure level, so it is taken as raft reinforcement. The model carries no bar-to-host relationship to confirm it.",0.6
2EBpToNovFPhJolAqV4mFI,IFCREINFORCINGBAR,Sub Level,2,2.12,Rebar,"Bar sits on the substructure level, so it is taken as raft reinforcement. The model carries no bar-to-host relationship to confirm it.",0.6
2EBpToNovFPhJolAuV4mFI,IFCREINFORCINGBAR,Sub Level,2,2.12,Rebar,"Bar sits on the substructure level, so it is taken as raft reinforcement. The model carries no bar-to-host relationship to confirm it.",0.6
2EBpToNovFPhJolAyV4mFI,IFCREINFORCINGBAR,Sub Level,2,2.12,Rebar,"Bar sits on the substructure level, so it is taken as raft reinforcement. The model carries no bar-to-host relationship to confirm it.",0.6
2EBpToNovFPhJolB0V4mFI,IFCREINFORCINGBAR,Sub Level,2,2.12,Rebar,"Bar sits on the substructure level, so it is taken as raft reinforcement. The model carries no bar-to-host relationship to confirm it.",0.6
2EBpToNovFPhJolB4V4mFI,IFCREINFORCINGBAR,Sub Level,2,2.12,Rebar,"Bar sits on the substructure level, so it is taken as raft reinforcement. The model carries no bar-to-host relationship to confirm it.",0.6
2EBpToNovFPhJolB8V4mFI,IFCREINFORCINGBAR,Sub Level,2,2.12,Rebar,"Bar sits on the substructure level, so it is taken as raft reinforcement. The model carries no bar-to-host relationship to confirm it.",0.6
2EBpToNovFPhJolBCV4mFI,IFCREINFORCINGBAR,Sub Level,2,2.12,Rebar,"Bar sits on the substructure level, so it is taken as raft reinforcement. The model carries no bar-to-host relationship to confirm it.",0.6
2EBpToNovFPhJolBGV4mFI,IFCREINFORCINGBAR,Sub Level,2,2.12,Rebar,"Bar sits on the substructure level, so it is taken as raft reinforcement. The model carries no bar-to-host relationship to confirm it.",0.6
2EBpToNovFPhJolBKV4mFI,IFCREINFORCINGBAR,Sub Level,2,2.12,Rebar,"Bar sits on the substructure level, so it is taken as raft reinforcement. The model carries no bar-to-host relationship to confirm it.",0.6
2EBpToNovFPhJolBOV4mFI,IFCREINFORCINGBAR,Sub Level,2,2.12,Rebar,"Bar sits on the substructure level, so it is taken as raft reinforcement. The model carries no bar-to-host relationship to confirm it.",0.6
2EBpToNovFPhJolBSV4mFI,IFCREINFORCINGBAR,Sub Level,2,2.12,Rebar,"Bar sits on the substructure level, so it is taken as raft reinforcement. The model carries no bar-to-host relationship to confirm it.",0.6
2EBpToNovFPhJolBWV4mFI,IFCREINFORCINGBAR,Sub Level,2,2.12,Rebar,"Bar sits on the substructure level, so it is taken as raft reinforcement. The model carries no bar-to-host relationship to confirm it.",0.6
2EBpToNovFPhJolBaV4mFI,IFCREINFORCINGBAR,Sub Level,2,2.12,Rebar,"Bar sits on the substructure level, so it is taken as raft reinforcement. The model carries no bar-to-host relationship to confirm it.",0.6
2EBpToNovFPhJolBeV4mFI,IFCREINFORCINGBAR,Sub Level,2,2.12,Rebar,"Bar sits on the substructure level, so it is taken as raft reinforcement. The model carries no bar-to-host relationship to confirm it.",0.6
2EBpToNovFPhJolBiV4mFI,IFCREINFORCINGBAR,Sub Level,2,2.12,Rebar,"Bar sits on the substructure level, so it is taken as raft reinforcement. The model carries no bar-to-host relationship to confirm it.",0.6
2EBpToNovFPhJolBmV4mFI,IFCREINFORCINGBAR,Sub Level,2,2.12,Rebar,"Bar sits on the substructure level, so it is taken as raft reinforcement. The model carries no bar-to-host relationship to confirm it.",0.6
2EBpToNovFPhJolBqV4mFI,IFCREINFORCINGBAR,Sub Level,2,2.12,Rebar,"Bar sits on the substructure level, so it is taken as raft reinforcement. The model carries no bar-to-host relationship to confirm it.",0.6
2EBpToNovFPhJolBuV4mFI,IFCREINFORCINGBAR,Sub Level,2,2.12,Rebar,"Bar sits on the substructure level, so it is taken as raft reinforcement. The model carries no bar-to-host relationship to confirm it.",0.6
2EBpToNovFPhJolByV4mFI,IFCREINFORCINGBAR,Sub Level,2,2.12,Rebar,"Bar sits on the substructure level, so it is taken as raft reinforcement. The model carries no bar-to-host relationship to confirm it.",0.6
2EBpToNovFPhJolC0V4mFI,IFCREINFORCINGBAR,Sub Level,2,2.12,Rebar,"Bar sits on the substructure level, so it is taken as raft reinforcement. The model carries no bar-to-host relationship to confirm it.",0.6
2EBpToNovFPhJolC4V4mFI,IFCREINFORCINGBAR,Sub Level,2,2.12,Rebar,"Bar sits on the substructure level, so it is taken as raft reinforcement. The model carries no bar-to-host relationship to confirm it.",0.6
2EBpToNovFPhJolC8V4mFI,IFCREINFORCINGBAR,Sub Level,2,2.12,Rebar,"Bar sits on the substructure level, so it is taken as raft reinforcement. The model carries no bar-to-host relationship to confirm it.",0.6
2EBpToNovFPhJolCCV4mFI,IFCREINFORCINGBAR,Sub Level,2,2.12,Rebar,"Bar sits on the substructure level, so it is taken as raft reinforcement. The model carries no bar-to-host relationship to confirm it.",0.6
2EBpToNovFPhJolCGV4mFI,IFCREINFORCINGBAR,Sub Level,2,2.12,Rebar,"Bar sits on the substructure level, so it is taken as raft reinforcement. The model carries no bar-to-host relationship to confirm it.",0.6
2EBpToNovFPhJolCKV4mFI,IFCREINFORCINGBAR,Sub Level,2,2.12,Rebar,"Bar sits on the substructure level, so it is taken as raft reinforcement. The model carries no bar-to-host relationship to confirm it.",0.6
2EBpToNovFPhJolCOV4mFI,IFCREINFORCINGBAR,Sub Level,2,2.12,Rebar,"Bar sits on the substructure level, so it is taken as raft reinforcement. The model carries no bar-to-host relationship to confirm it.",0.6
2EBpToNovFPhJolCSV4mFI,IFCREINFORCINGBAR,Sub Level,2,2.12,Rebar,"Bar sits on the substructure level, so it is taken as raft reinforcement. The model carries no bar-to-host relationship to confirm it.",0.6
2EBpToNovFPhJolCWV4mFI,IFCREINFORCINGBAR,Sub Level,2,2.12,Rebar,"Bar sits on the substructure level, so it is taken as raft reinforcement. The model carries no bar-to-host relationship to confirm it.",0.6
2EBpToNovFPhJolCaV4mFI,IFCREINFORCINGBAR,Sub Level,2,2.12,Rebar,"Bar sits on the substructure level, so it is taken as raft reinforcement. The model carries no bar-to-host relationship to confirm it.",0.6
2EBpToNovFPhJolCeV4mFI,IFCREINFORCINGBAR,Sub Level,2,2.12,Rebar,"Bar sits on the substructure level, so it is taken as raft reinforcement. The model carries no bar-to-host relationship to confirm it.",0.6
2EBpToNovFPhJolCiV4mFI,IFCREINFORCINGBAR,Sub Level,2,2.12,Rebar,"Bar sits on the substructure level, so it is taken as raft reinforcement. The model carries no bar-to-host relationship to confirm it.",0.6
2EBpToNovFPhJolCmV4mFI,IFCREINFORCINGBAR,Sub Level,2,2.12,Rebar,"Bar sits on the substructure level, so it is taken as raft reinforcement. The model carries no bar-to-host relationship to confirm it.",0.6
2EBpToNovFPhJolCqV4mFI,IFCREINFORCINGBAR,Sub Level,2,2.12,Rebar,"Bar sits on the substructure level, so it is taken as raft reinforcement. The model carries no bar-to-host relationship to confirm it.",0.6
2EBpToNovFPhJolCuV4mFI,IFCREINFORCINGBAR,Sub Level,2,2.12,Rebar,"Bar sits on the substructure level, so it is taken as raft reinforcement. The model carries no bar-to-host relationship to confirm it.",0.6
2EBpToNovFPhJolCyV4mFI,IFCREINFORCINGBAR,Sub Level,2,2.12,Rebar,"Bar sits on the substructure level, so it is taken as raft reinforcement. The model carries no bar-to-host relationship to confirm it.",0.6
2EBpToNovFPhJolD0V4mFI,IFCREINFORCINGBAR,Sub Level,2,2.12,Rebar,"Bar sits on the substructure level, so it is taken as raft reinforcement. The model carries no bar-to-host relationship to confirm it.",0.6
2EBpToNovFPhJolD4V4mFI,IFCREINFORCINGBAR,Sub Level,2,2.12,Rebar,"Bar sits on the substructure level, so it is taken as raft reinforcement. The model carries no bar-to-host relationship to confirm it.",0.6
2EBpToNovFPhJolD8V4mFI,IFCREINFORCINGBAR,Sub Level,2,2.12,Rebar,"Bar sits on the substructure level, so it is taken as raft reinforcement. The model carries no bar-to-host relationship to confirm it.",0.6
2EBpToNovFPhJolDCV4mFI,IFCREINFORCINGBAR,Sub Level,2,2.12,Rebar,"Bar sits on the substructure level, so it is taken as raft reinforcement. The model carries no bar-to-host relationship to confirm it.",0.6
2EBpToNovFPhJolDGV4mFI,IFCREINFORCINGBAR,Sub Level,2,2.12,Rebar,"Bar sits on the substructure level, so it is taken as raft reinforcement. The model carries no bar-to-host relationship to confirm it.",0.6
2EBpToNovFPhJolDKV4mFI,IFCREINFORCINGBAR,Sub Level,2,2.12,Rebar,"Bar sits on the substructure level, so it is taken as raft reinforcement. The model carries no bar-to-host relationship to confirm it.",0.6
2EBpToNovFPhJolDOV4mFI,IFCREINFORCINGBAR,Sub Level,2,2.12,Rebar,"Bar sits on the substructure level, so it is taken as raft reinforcement. The model carries no bar-to-host relationship to confirm it.",0.6
2EBpToNovFPhJolDSV4mFI,IFCREINFORCINGBAR,Sub Level,2,2.12,Rebar,"Bar sits on the substructure level, so it is taken as raft reinforcement. The model carries no bar-to-host relationship to confirm it.",0.6
2EBpToNovFPhJolDWV4mFI,IFCREINFORCINGBAR,Sub Level,2,2.12,Rebar,"Bar sits on the substructure level, so it is taken as raft reinforcement. The model carries no bar-to-host relationship to confirm it.",0.6
2EBpToNovFPhJolDaV4mFI,IFCREINFORCINGBAR,Sub Level,2,2.12,Rebar,"Bar sits on the substructure level, so it is taken as raft reinforcement. The model carries no bar-to-host relationship to confirm it.",0.6
2EBpToNovFPhJolDeV4mFI,IFCREINFORCINGBAR,Sub Level,2,2.12,Rebar,"Bar sits on the substructure level, so it is taken as raft reinforcement. The model carries no bar-to-host relationship to confirm it.",0.6
2EBpToNovFPhJolDiV4mFI,IFCREINFORCINGBAR,Sub Level,2,2.12,Rebar,"Bar sits on the substructure level, so it is taken as raft reinforcement. The model carries no bar-to-host relationship to confirm it.",0.6
2EBpToNovFPhJolDmV4mFI,IFCREINFORCINGBAR,Sub Level,2,2.12,Rebar,"Bar sits on the substructure level, so it is taken as raft reinforcement. The model carries no bar-to-host relationship to confirm it.",0.6
2EBpToNovFPhJolDqV4mFI,IFCREINFORCINGBAR,Sub Level,2,2.12,Rebar,"Bar sits on the substructure level, so it is taken as raft reinforcement. The model carries no bar-to-host relationship to confirm it.",0.6
2EBpToNovFPhJolDuV4mFI,IFCREINFORCINGBAR,Sub Level,2,2.12,Rebar,"Bar sits on the substructure level, so it is taken as raft reinforcement. The model carries no bar-to-host relationship to confirm it.",0.6
2EBpToNovFPhJolDyV4mFI,IFCREINFORCINGBAR,Sub Level,2,2.12,Rebar,"Bar sits on the substructure level, so it is taken as raft reinforcement. The model carries no bar-to-host relationship to confirm it.",0.6
2EBpToNovFPhJolE4V4mFI,IFCREINFORCINGBAR,Sub Level,2,2.12,Rebar,"Bar sits on the substructure level, so it is taken as raft reinforcement. The model carries no bar-to-host relationship to confirm it.",0.6
2EBpToNovFPhJolE8V4mFI,IFCREINFORCINGBAR,Sub Level,2,2.12,Rebar,"Bar sits on the substructure level, so it is taken as raft reinforcement. The model carries no bar-to-host relationship to confirm it.",0.6
2EBpToNovFPhJolECV4mFI,IFCREINFORCINGBAR,Sub Level,2,2.12,Rebar,"Bar sits on the substructure level, so it is taken as raft reinforcement. The model carries no bar-to-host relationship to confirm it.",0.6
2EBpToNovFPhJolEGV4m1W,IFCREINFORCINGBAR,Sub Level,2,2.12,Rebar,"Bar sits on the substructure level, so it is taken as raft reinforcement. The model carries no bar-to-host relationship to confirm it.",0.6
2EBpToNovFPhJolEGV4m2N,IFCREINFORCINGBAR,Sub Level,2,2.12,Rebar,"Bar sits on the substructure level, so it is taken as raft reinforcement. The model carries no bar-to-host relationship to confirm it.",0.6
2EBpToNovFPhJolEGV4mFM,IFCREINFORCINGBAR,Sub Level,2,2.12,Rebar,"Bar sits on the substructure level, so it is taken as raft reinforcement. The model carries no bar-to-host relationship to confirm it.",0.6
2EBpToNovFPhJolEWV4mFI,IFCREINFORCINGBAR,Sub Level,2,2.12,Rebar,"Bar sits on the substructure level, so it is taken as raft reinforcement. The model carries no bar-to-host relationship to confirm it.",0.6
2EBpToNovFPhJolEaV4mFI,IFCREINFORCINGBAR,Sub Level,2,2.12,Rebar,"Bar sits on the substructure level, so it is taken as raft reinforcement. The model carries no bar-to-host relationship to confirm it.",0.6
2EBpToNovFPhJolEeV4mFI,IFCREINFORCINGBAR,Sub Level,2,2.12,Rebar,"Bar sits on the substructure level, so it is taken as raft reinforcement. The model carries no bar-to-host relationship to confirm it.",0.6
2EBpToNovFPhJolEiV4mFI,IFCREINFORCINGBAR,Sub Level,2,2.12,Rebar,"Bar sits on the substructure level, so it is taken as raft reinforcement. The model carries no bar-to-host relationship to confirm it.",0.6
2EBpToNovFPhJolEmV4mFI,IFCREINFORCINGBAR,Sub Level,2,2.12,Rebar,"Bar sits on the substructure level, so it is taken as raft reinforcement. The model carries no bar-to-host relationship to confirm it.",0.6
2EBpToNovFPhJolEqV4mFI,IFCREINFORCINGBAR,Sub Level,2,2.12,Rebar,"Bar sits on the substructure level, so it is taken as raft reinforcement. The model carries no bar-to-host relationship to confirm it.",0.6
2EBpToNovFPhJolEuV4mFI,IFCREINFORCINGBAR,Sub Level,2,2.12,Rebar,"Bar sits on the substructure level, so it is taken as raft reinforcement. The model carries no bar-to-host relationship to confirm it.",0.6
2EBpToNovFPhJolEyV4mFI,IFCREINFORCINGBAR,Sub Level,2,2.12,Rebar,"Bar sits on the substructure level, so it is taken as raft reinforcement. The model carries no bar-to-host relationship to confirm it.",0.6
2EBpToNovFPhJolF0V4mFI,IFCREINFORCINGBAR,Sub Level,2,2.12,Rebar,"Bar sits on the substructure level, so it is taken as raft reinforcement. The model carries no bar-to-host relationship to confirm it.",0.6
2EBpToNovFPhJolF4V4mFI,IFCREINFORCINGBAR,Sub Level,2,2.12,Rebar,"Bar sits on the substructure level, so it is taken as raft reinforcement. The model carries no bar-to-host relationship to confirm it.",0.6
2EBpToNovFPhJolF8V4mFI,IFCREINFORCINGBAR,Sub Level,2,2.12,Rebar,"Bar sits on the substructure level, so it is taken as raft reinforcement. The model carries no bar-to-host relationship to confirm it.",0.6
2EBpToNovFPhJolFCV4mFI,IFCREINFORCINGBAR,Sub Level,2,2.12,Rebar,"Bar sits on the substructure level, so it is taken as raft reinforcement. The model carries no bar-to-host relationship to confirm it.",0.6
2EBpToNovFPhJolFGV4mFI,IFCREINFORCINGBAR,Sub Level,2,2.12,Rebar,"Bar sits on the substructure level, so it is taken as raft reinforcement. The model carries no bar-to-host relationship to confirm it.",0.6
2EBpToNovFPhJolFKV4mFI,IFCREINFORCINGBAR,Sub Level,2,2.12,Rebar,"Bar sits on the substructure level, so it is taken as raft reinforcement. The model carries no bar-to-host relationship to confirm it.",0.6
2EBpToNovFPhJolFOV4mFI,IFCREINFORCINGBAR,Sub Level,2,2.12,Rebar,"Bar sits on the substructure level, so it is taken as raft reinforcement. The model carries no bar-to-host relationship to confirm it.",0.6
2EBpToNovFPhJolFSV4mFI,IFCREINFORCINGBAR,Sub Level,2,2.12,Rebar,"Bar sits on the substructure level, so it is taken as raft reinforcement. The model carries no bar-to-host relationship to confirm it.",0.6
2EBpToNovFPhJolFWV4mFI,IFCREINFORCINGBAR,Sub Level,2,2.12,Rebar,"Bar sits on the substructure level, so it is taken as raft reinforcement. The model carries no bar-to-host relationship to confirm it.",0.6
2EBpToNovFPhJolFaV4mFI,IFCREINFORCINGBAR,Sub Level,2,2.12,Rebar,"Bar sits on the substructure level, so it is taken as raft reinforcement. The model carries no bar-to-host relationship to confirm it.",0.6
2EBpToNovFPhJolFeV4mFI,IFCREINFORCINGBAR,Sub Level,2,2.12,Rebar,"Bar sits on the substructure level, so it is taken as raft reinforcement. The model carries no bar-to-host relationship to confirm it.",0.6
2EBpToNovFPhJolFiV4mFI,IFCREINFORCINGBAR,Sub Level,2,2.12,Rebar,"Bar sits on the substructure level, so it is taken as raft reinforcement. The model carries no bar-to-host relationship to confirm it.",0.6
2EBpToNovFPhJolFmV4mFI,IFCREINFORCINGBAR,Sub Level,2,2.12,Rebar,"Bar sits on the substructure level, so it is taken as raft reinforcement. The model carries no bar-to-host relationship to confirm it.",0.6
2EBpToNovFPhJolFqV4mFI,IFCREINFORCINGBAR,Sub Level,2,2.12,Rebar,"Bar sits on the substructure level, so it is taken as raft reinforcement. The model carries no bar-to-host relationship to confirm it.",0.6
2EBpToNovFPhJolFuV4mFI,IFCREINFORCINGBAR,Sub Level,2,2.12,Rebar,"Bar sits on the substructure level, so it is taken as raft reinforcement. The model carries no bar-to-host relationship to confirm it.",0.6
2EBpToNovFPhJolFyV4mFI,IFCREINFORCINGBAR,Sub Level,2,2.12,Rebar,"Bar sits on the substructure level, so it is taken as raft reinforcement. The model carries no bar-to-host relationship to confirm it.",0.6
2EBpToNovFPhJolG0V4mFI,IFCREINFORCINGBAR,Sub Level,2,2.12,Rebar,"Bar sits on the substructure level, so it is taken as raft reinforcement. The model carries no bar-to-host relationship to confirm it.",0.6
2EBpToNovFPhJolG4V4mFI,IFCREINFORCINGBAR,Sub Level,2,2.12,Rebar,"Bar sits on the substructure level, so it is taken as raft reinforcement. The model carries no bar-to-host relationship to confirm it.",0.6
2EBpToNovFPhJolG8V4mFI,IFCREINFORCINGBAR,Sub Level,2,2.12,Rebar,"Bar sits on the substructure level, so it is taken as raft reinforcement. The model carries no bar-to-host relationship to confirm it.",0.6
2EBpToNovFPhJolGCV4mFI,IFCREINFORCINGBAR,Sub Level,2,2.12,Rebar,"Bar sits on the substructure level, so it is taken as raft reinforcement. The model carries no bar-to-host relationship to confirm it.",0.6
2EBpToNovFPhJolGGV4mFI,IFCREINFORCINGBAR,Sub Level,2,2.12,Rebar,"Bar sits on the substructure level, so it is taken as raft reinforcement. The model carries no bar-to-host relationship to confirm it.",0.6
2EBpToNovFPhJolGKV4mFI,IFCREINFORCINGBAR,Sub Level,2,2.12,Rebar,"Bar sits on the substructure level, so it is taken as raft reinforcement. The model carries no bar-to-host relationship to confirm it.",0.6
2EBpToNovFPhJolGOV4mFI,IFCREINFORCINGBAR,Sub Level,2,2.12,Rebar,"Bar sits on the substructure level, so it is taken as raft reinforcement. The model carries no bar-to-host relationship to confirm it.",0.6
2EBpToNovFPhJolGSV4mFI,IFCREINFORCINGBAR,Sub Level,2,2.12,Rebar,"Bar sits on the substructure level, so it is taken as raft reinforcement. The model carries no bar-to-host relationship to confirm it.",0.6
2EBpToNovFPhJolGWV4mFI,IFCREINFORCINGBAR,Sub Level,2,2.12,Rebar,"Bar sits on the substructure level, so it is taken as raft reinforcement. The model carries no bar-to-host relationship to confirm it.",0.6
2EBpToNovFPhJolGaV4mFI,IFCREINFORCINGBAR,Sub Level,2,2.12,Rebar,"Bar sits on the substructure level, so it is taken as raft reinforcement. The model carries no bar-to-host relationship to confirm it.",0.6
2EBpToNovFPhJolGeV4mFI,IFCREINFORCINGBAR,Sub Level,2,2.12,Rebar,"Bar sits on the substructure level, so it is taken as raft reinforcement. The model carries no bar-to-host relationship to confirm it.",0.6
2EBpToNovFPhJolGiV4mFI,IFCREINFORCINGBAR,Sub Level,2,2.12,Rebar,"Bar sits on the substructure level, so it is taken as raft reinforcement. The model carries no bar-to-host relationship to confirm it.",0.6
2EBpToNovFPhJolGmV4mFI,IFCREINFORCINGBAR,Sub Level,2,2.12,Rebar,"Bar sits on the substructure level, so it is taken as raft reinforcement. The model carries no bar-to-host relationship to confirm it.",0.6
2EBpToNovFPhJolGqV4mFI,IFCREINFORCINGBAR,Sub Level,2,2.12,Rebar,"Bar sits on the substructure level, so it is taken as raft reinforcement. The model carries no bar-to-host relationship to confirm it.",0.6
2EBpToNovFPhJolGuV4mFI,IFCREINFORCINGBAR,Sub Level,2,2.12,Rebar,"Bar sits on the substructure level, so it is taken as raft reinforcement. The model carries no bar-to-host relationship to confirm it.",0.6
2EBpToNovFPhJolGyV4mFI,IFCREINFORCINGBAR,Sub Level,2,2.12,Rebar,"Bar sits on the substructure level, so it is taken as raft reinforcement. The model carries no bar-to-host relationship to confirm it.",0.6
2EBpToNovFPhJolH0V4mFI,IFCREINFORCINGBAR,Sub Level,2,2.12,Rebar,"Bar sits on the substructure level, so it is taken as raft reinforcement. The model carries no bar-to-host relationship to confirm it.",0.6
2EBpToNovFPhJolH4V4mFI,IFCREINFORCINGBAR,Sub Level,2,2.12,Rebar,"Bar sits on the substructure level, so it is taken as raft reinforcement. The model carries no bar-to-host relationship to confirm it.",0.6
2EBpToNovFPhJolH8V4mFI,IFCREINFORCINGBAR,Sub Level,2,2.12,Rebar,"Bar sits on the substructure level, so it is taken as raft reinforcement. The model carries no bar-to-host relationship to confirm it.",0.6
2EBpToNovFPhJolHCV4mFI,IFCREINFORCINGBAR,Sub Level,2,2.12,Rebar,"Bar sits on the substructure level, so it is taken as raft reinforcement. The model carries no bar-to-host relationship to confirm it.",0.6
2EBpToNovFPhJolHGV4mFI,IFCREINFORCINGBAR,Sub Level,2,2.12,Rebar,"Bar sits on the substructure level, so it is taken as raft reinforcement. The model carries no bar-to-host relationship to confirm it.",0.6
2EBpToNovFPhJolHKV4mFI,IFCREINFORCINGBAR,Sub Level,2,2.12,Rebar,"Bar sits on the substructure level, so it is taken as raft reinforcement. The model carries no bar-to-host relationship to confirm it.",0.6
2EBpToNovFPhJolHOV4mFI,IFCREINFORCINGBAR,Sub Level,2,2.12,Rebar,"Bar sits on the substructure level, so it is taken as raft reinforcement. The model carries no bar-to-host relationship to confirm it.",0.6
2EBpToNovFPhJolHSV4mFI,IFCREINFORCINGBAR,Sub Level,2,2.12,Rebar,"Bar sits on the substructure level, so it is taken as raft reinforcement. The model carries no bar-to-host relationship to confirm it.",0.6
2EBpToNovFPhJolHWV4mFI,IFCREINFORCINGBAR,Sub Level,2,2.12,Rebar,"Bar sits on the substructure level, so it is taken as raft reinforcement. The model carries no bar-to-host relationship to confirm it.",0.6
2EBpToNovFPhJolHaV4mFI,IFCREINFORCINGBAR,Sub Level,2,2.12,Rebar,"Bar sits on the substructure level, so it is taken as raft reinforcement. The model carries no bar-to-host relationship to confirm it.",0.6
2EBpToNovFPhJolHeV4mFI,IFCREINFORCINGBAR,Sub Level,2,2.12,Rebar,"Bar sits on the substructure level, so it is taken as raft reinforcement. The model carries no bar-to-host relationship to confirm it.",0.6
2EBpToNovFPhJolHiV4mFI,IFCREINFORCINGBAR,Sub Level,2,2.12,Rebar,"Bar sits on the substructure level, so it is taken as raft reinforcement. The model carries no bar-to-host relationship to confirm it.",0.6
2EBpToNovFPhJolHmV4mFI,IFCREINFORCINGBAR,Sub Level,2,2.12,Rebar,"Bar sits on the substructure level, so it is taken as raft reinforcement. The model carries no bar-to-host relationship to confirm it.",0.6
2EBpToNovFPhJolHqV4mFI,IFCREINFORCINGBAR,Sub Level,2,2.12,Rebar,"Bar sits on the substructure level, so it is taken as raft reinforcement. The model carries no bar-to-host relationship to confirm it.",0.6
2EBpToNovFPhJolHuV4mFI,IFCREINFORCINGBAR,Sub Level,2,2.12,Rebar,"Bar sits on the substructure level, so it is taken as raft reinforcement. The model carries no bar-to-host relationship to confirm it.",0.6
2EBpToNovFPhJolHyV4mFI,IFCREINFORCINGBAR,Sub Level,2,2.12,Rebar,"Bar sits on the substructure level, so it is taken as raft reinforcement. The model carries no bar-to-host relationship to confirm it.",0.6
2EBpToNovFPhJolI0V4mFI,IFCREINFORCINGBAR,Sub Level,2,2.12,Rebar,"Bar sits on the substructure level, so it is taken as raft reinforcement. The model carries no bar-to-host relationship to confirm it.",0.6
2EBpToNovFPhJolI4V4mFI,IFCREINFORCINGBAR,Sub Level,2,2.12,Rebar,"Bar sits on the substructure level, so it is taken as raft reinforcement. The model carries no bar-to-host relationship to confirm it.",0.6
2EBpToNovFPhJolI8V4mFI,IFCREINFORCINGBAR,Sub Level,2,2.12,Rebar,"Bar sits on the substructure level, so it is taken as raft reinforcement. The model carries no bar-to-host relationship to confirm it.",0.6
2EBpToNovFPhJolICV4mFI,IFCREINFORCINGBAR,Sub Level,2,2.12,Rebar,"Bar sits on the substructure level, so it is taken as raft reinforcement. The model carries no bar-to-host relationship to confirm it.",0.6
2EBpToNovFPhJolIGV4mFI,IFCREINFORCINGBAR,Sub Level,2,2.12,Rebar,"Bar sits on the substructure level, so it is taken as raft reinforcement. The model carries no bar-to-host relationship to confirm it.",0.6
2EBpToNovFPhJolIKV4mFI,IFCREINFORCINGBAR,Sub Level,2,2.12,Rebar,"Bar sits on the substructure level, so it is taken as raft reinforcement. The model carries no bar-to-host relationship to confirm it.",0.6
2EBpToNovFPhJolIOV4mFI,IFCREINFORCINGBAR,Sub Level,2,2.12,Rebar,"Bar sits on the substructure level, so it is taken as raft reinforcement. The model carries no bar-to-host relationship to confirm it.",0.6
2EBpToNovFPhJolISV4mFI,IFCREINFORCINGBAR,Sub Level,2,2.12,Rebar,"Bar sits on the substructure level, so it is taken as raft reinforcement. The model carries no bar-to-host relationship to confirm it.",0.6
2EBpToNovFPhJolIWV4mFI,IFCREINFORCINGBAR,Sub Level,2,2.12,Rebar,"Bar sits on the substructure level, so it is taken as raft reinforcement. The model carries no bar-to-host relationship to confirm it.",0.6
2EBpToNovFPhJolIaV4mFI,IFCREINFORCINGBAR,Sub Level,2,2.12,Rebar,"Bar sits on the substructure level, so it is taken as raft reinforcement. The model carries no bar-to-host relationship to confirm it.",0.6
2EBpToNovFPhJolIeV4mFI,IFCREINFORCINGBAR,Sub Level,2,2.12,Rebar,"Bar sits on the substructure level, so it is taken as raft reinforcement. The model carries no bar-to-host relationship to confirm it.",0.6
2EBpToNovFPhJolIiV4mFI,IFCREINFORCINGBAR,Sub Level,2,2.12,Rebar,"Bar sits on the substructure level, so it is taken as raft reinforcement. The model carries no bar-to-host relationship to confirm it.",0.6
2EBpToNovFPhJolImV4mFI,IFCREINFORCINGBAR,Sub Level,2,2.12,Rebar,"Bar sits on the substructure level, so it is taken as raft reinforcement. The model carries no bar-to-host relationship to confirm it.",0.6
2EBpToNovFPhJolIqV4mFI,IFCREINFORCINGBAR,Sub Level,2,2.12,Rebar,"Bar sits on the substructure level, so it is taken as raft reinforcement. The model carries no bar-to-host relationship to confirm it.",0.6
2EBpToNovFPhJolIuV4mFI,IFCREINFORCINGBAR,Sub Level,2,2.12,Rebar,"Bar sits on the substructure level, so it is taken as raft reinforcement. The model carries no bar-to-host relationship to confirm it.",0.6
2EBpToNovFPhJolIyV4mFI,IFCREINFORCINGBAR,Sub Level,2,2.12,Rebar,"Bar sits on the substructure level, so it is taken as raft reinforcement. The model carries no bar-to-host relationship to confirm it.",0.6
2EBpToNovFPhJolJ0V4mFI,IFCREINFORCINGBAR,Sub Level,2,2.12,Rebar,"Bar sits on the substructure level, so it is taken as raft reinforcement. The model carries no bar-to-host relationship to confirm it.",0.6
2EBpToNovFPhJolJ4V4mFI,IFCREINFORCINGBAR,Sub Level,2,2.12,Rebar,"Bar sits on the substructure level, so it is taken as raft reinforcement. The model carries no bar-to-host relationship to confirm it.",0.6
2EBpToNovFPhJolJ8V4mFI,IFCREINFORCINGBAR,Sub Level,2,2.12,Rebar,"Bar sits on the substructure level, so it is taken as raft reinforcement. The model carries no bar-to-host relationship to confirm it.",0.6
2EBpToNovFPhJolJCV4mFI,IFCREINFORCINGBAR,Sub Level,2,2.12,Rebar,"Bar sits on the substructure level, so it is taken as raft reinforcement. The model carries no bar-to-host relationship to confirm it.",0.6
2EBpToNovFPhJolJGV4mFI,IFCREINFORCINGBAR,Sub Level,2,2.12,Rebar,"Bar sits on the substructure level, so it is taken as raft reinforcement. The model carries no bar-to-host relationship to confirm it.",0.6
2EBpToNovFPhJolJKV4mFI,IFCREINFORCINGBAR,Sub Level,2,2.12,Rebar,"Bar sits on the substructure level, so it is taken as raft reinforcement. The model carries no bar-to-host relationship to confirm it.",0.6
2EBpToNovFPhJolJOV4mFI,IFCREINFORCINGBAR,Sub Level,2,2.12,Rebar,"Bar sits on the substructure level, so it is taken as raft reinforcement. The model carries no bar-to-host relationship to confirm it.",0.6
2EBpToNovFPhJolJSV4mFI,IFCREINFORCINGBAR,Sub Level,2,2.12,Rebar,"Bar sits on the substructure level, so it is taken as raft reinforcement. The model carries no bar-to-host relationship to confirm it.",0.6
2EBpToNovFPhJolJWV4mFI,IFCREINFORCINGBAR,Sub Level,2,2.12,Rebar,"Bar sits on the substructure level, so it is taken as raft reinforcement. The model carries no bar-to-host relationship to confirm it.",0.6
2EBpToNovFPhJolJaV4mFI,IFCREINFORCINGBAR,Sub Level,2,2.12,Rebar,"Bar sits on the substructure level, so it is taken as raft reinforcement. The model carries no bar-to-host relationship to confirm it.",0.6
2EBpToNovFPhJolJeV4mFI,IFCREINFORCINGBAR,Sub Level,2,2.12,Rebar,"Bar sits on the substructure level, so it is taken as raft reinforcement. The model carries no bar-to-host relationship to confirm it.",0.6
2EBpToNovFPhJolJiV4mFI,IFCREINFORCINGBAR,Sub Level,2,2.12,Rebar,"Bar sits on the substructure level, so it is taken as raft reinforcement. The model carries no bar-to-host relationship to confirm it.",0.6
2EBpToNovFPhJolJmV4mFI,IFCREINFORCINGBAR,Sub Level,2,2.12,Rebar,"Bar sits on the substructure level, so it is taken as raft reinforcement. The model carries no bar-to-host relationship to confirm it.",0.6
2EBpToNovFPhJolJqV4mFI,IFCREINFORCINGBAR,Sub Level,2,2.12,Rebar,"Bar sits on the substructure level, so it is taken as raft reinforcement. The model carries no bar-to-host relationship to confirm it.",0.6
2EBpToNovFPhJolJuV4mFI,IFCREINFORCINGBAR,Sub Level,2,2.12,Rebar,"Bar sits on the substructure level, so it is taken as raft reinforcement. The model carries no bar-to-host relationship to confirm it.",0.6
2EBpToNovFPhJolJyV4mFI,IFCREINFORCINGBAR,Sub Level,2,2.12,Rebar,"Bar sits on the substructure level, so it is taken as raft reinforcement. The model carries no bar-to-host relationship to confirm it.",0.6
2EBpToNovFPhJolK0V4mFI,IFCREINFORCINGBAR,Sub Level,2,2.12,Rebar,"Bar sits on the substructure level, so it is taken as raft reinforcement. The model carries no bar-to-host relationship to confirm it.",0.6
2EBpToNovFPhJolK4V4mFI,IFCREINFORCINGBAR,Sub Level,2,2.12,Rebar,"Bar sits on the substructure level, so it is taken as raft reinforcement. The model carries no bar-to-host relationship to confirm it.",0.6
2EBpToNovFPhJolK8V4mFI,IFCREINFORCINGBAR,Sub Level,2,2.12,Rebar,"Bar sits on the substructure level, so it is taken as raft reinforcement. The model carries no bar-to-host relationship to confirm it.",0.6
2EBpToNovFPhJolKCV4mFI,IFCREINFORCINGBAR,Sub Level,2,2.12,Rebar,"Bar sits on the substructure level, so it is taken as raft reinforcement. The model carries no bar-to-host relationship to confirm it.",0.6
2EBpToNovFPhJolKGV4mFI,IFCREINFORCINGBAR,Sub Level,2,2.12,Rebar,"Bar sits on the substructure level, so it is taken as raft reinforcement. The model carries no bar-to-host relationship to confirm it.",0.6
2EBpToNovFPhJolKKV4mFI,IFCREINFORCINGBAR,Sub Level,2,2.12,Rebar,"Bar sits on the substructure level, so it is taken as raft reinforcement. The model carries no bar-to-host relationship to confirm it.",0.6
2EBpToNovFPhJolKOV4mFI,IFCREINFORCINGBAR,Sub Level,2,2.12,Rebar,"Bar sits on the substructure level, so it is taken as raft reinforcement. The model carries no bar-to-host relationship to confirm it.",0.6
2EBpToNovFPhJolKSV4mFI,IFCREINFORCINGBAR,Sub Level,2,2.12,Rebar,"Bar sits on the substructure level, so it is taken as raft reinforcement. The model carries no bar-to-host relationship to confirm it.",0.6
2EBpToNovFPhJolKWV4mFI,IFCREINFORCINGBAR,Sub Level,2,2.12,Rebar,"Bar sits on the substructure level, so it is taken as raft reinforcement. The model carries no bar-to-host relationship to confirm it.",0.6
2EBpToNovFPhJolKaV4mFI,IFCREINFORCINGBAR,Sub Level,2,2.12,Rebar,"Bar sits on the substructure level, so it is taken as raft reinforcement. The model carries no bar-to-host relationship to confirm it.",0.6
2EBpToNovFPhJolKeV4mFI,IFCREINFORCINGBAR,Sub Level,2,2.12,Rebar,"Bar sits on the substructure level, so it is taken as raft reinforcement. The model carries no bar-to-host relationship to confirm it.",0.6
2EBpToNovFPhJolKiV4mFI,IFCREINFORCINGBAR,Sub Level,2,2.12,Rebar,"Bar sits on the substructure level, so it is taken as raft reinforcement. The model carries no bar-to-host relationship to confirm it.",0.6
2EBpToNovFPhJolKmV4mFI,IFCREINFORCINGBAR,Sub Level,2,2.12,Rebar,"Bar sits on the substructure level, so it is taken as raft reinforcement. The model carries no bar-to-host relationship to confirm it.",0.6
2EBpToNovFPhJolKqV4mFI,IFCREINFORCINGBAR,Sub Level,2,2.12,Rebar,"Bar sits on the substructure level, so it is taken as raft reinforcement. The model carries no bar-to-host relationship to confirm it.",0.6
2EBpToNovFPhJolKuV4mFI,IFCREINFORCINGBAR,Sub Level,2,2.12,Rebar,"Bar sits on the substructure level, so it is taken as raft reinforcement. The model carries no bar-to-host relationship to confirm it.",0.6
2EBpToNovFPhJolKyV4mFI,IFCREINFORCINGBAR,Sub Level,2,2.12,Rebar,"Bar sits on the substructure level, so it is taken as raft reinforcement. The model carries no bar-to-host relationship to confirm it.",0.6
2EBpToNovFPhJolL0V4mFI,IFCREINFORCINGBAR,Sub Level,2,2.12,Rebar,"Bar sits on the substructure level, so it is taken as raft reinforcement. The model carries no bar-to-host relationship to confirm it.",0.6
2EBpToNovFPhJolL4V4mFI,IFCREINFORCINGBAR,Sub Level,2,2.12,Rebar,"Bar sits on the substructure level, so it is taken as raft reinforcement. The model carries no bar-to-host relationship to confirm it.",0.6
2EBpToNovFPhJolL8V4mFI,IFCREINFORCINGBAR,Sub Level,2,2.12,Rebar,"Bar sits on the substructure level, so it is taken as raft reinforcement. The model carries no bar-to-host relationship to confirm it.",0.6
2EBpToNovFPhJolLCV4mFI,IFCREINFORCINGBAR,Sub Level,2,2.12,Rebar,"Bar sits on the substructure level, so it is taken as raft reinforcement. The model carries no bar-to-host relationship to confirm it.",0.6
2EBpToNovFPhJolLGV4mFI,IFCREINFORCINGBAR,Sub Level,2,2.12,Rebar,"Bar sits on the substructure level, so it is taken as raft reinforcement. The model carries no bar-to-host relationship to confirm it.",0.6
2EBpToNovFPhJolLKV4mFI,IFCREINFORCINGBAR,Sub Level,2,2.12,Rebar,"Bar sits on the substructure level, so it is taken as raft reinforcement. The model carries no bar-to-host relationship to confirm it.",0.6
2EBpToNovFPhJolLOV4mFI,IFCREINFORCINGBAR,Sub Level,2,2.12,Rebar,"Bar sits on the substructure level, so it is taken as raft reinforcement. The model carries no bar-to-host relationship to confirm it.",0.6
2EBpToNovFPhJolLSV4mFI,IFCREINFORCINGBAR,Sub Level,2,2.12,Rebar,"Bar sits on the substructure level, so it is taken as raft reinforcement. The model carries no bar-to-host relationship to confirm it.",0.6
2EBpToNovFPhJolLWV4mFI,IFCREINFORCINGBAR,Sub Level,2,2.12,Rebar,"Bar sits on the substructure level, so it is taken as raft reinforcement. The model carries no bar-to-host relationship to confirm it.",0.6
2EBpToNovFPhJolLaV4mFI,IFCREINFORCINGBAR,Sub Level,2,2.12,Rebar,"Bar sits on the substructure level, so it is taken as raft reinforcement. The model carries no bar-to-host relationship to confirm it.",0.6
2EBpToNovFPhJolLeV4mFI,IFCREINFORCINGBAR,Sub Level,2,2.12,Rebar,"Bar sits on the substructure level, so it is taken as raft reinforcement. The model carries no bar-to-host relationship to confirm it.",0.6
2EBpToNovFPhJolLiV4mFI,IFCREINFORCINGBAR,Sub Level,2,2.12,Rebar,"Bar sits on the substructure level, so it is taken as raft reinforcement. The model carries no bar-to-host relationship to confirm it.",0.6
2EBpToNovFPhJolLmV4mFI,IFCREINFORCINGBAR,Sub Level,2,2.12,Rebar,"Bar sits on the substructure level, so it is taken as raft reinforcement. The model carries no bar-to-host relationship to confirm it.",0.6
2EBpToNovFPhJolLqV4mFI,IFCREINFORCINGBAR,Sub Level,2,2.12,Rebar,"Bar sits on the substructure level, so it is taken as raft reinforcement. The model carries no bar-to-host relationship to confirm it.",0.6
2EBpToNovFPhJolLuV4mFI,IFCREINFORCINGBAR,Sub Level,2,2.12,Rebar,"Bar sits on the substructure level, so it is taken as raft reinforcement. The model carries no bar-to-host relationship to confirm it.",0.6
2EBpToNovFPhJolLyV4mFI,IFCREINFORCINGBAR,Sub Level,2,2.12,Rebar,"Bar sits on the substructure level, so it is taken as raft reinforcement. The model carries no bar-to-host relationship to confirm it.",0.6
2EBpToNovFPhJolM0V4mFI,IFCREINFORCINGBAR,Sub Level,2,2.12,Rebar,"Bar sits on the substructure level, so it is taken as raft reinforcement. The model carries no bar-to-host relationship to confirm it.",0.6
2EBpToNovFPhJolM4V4mFI,IFCREINFORCINGBAR,Sub Level,2,2.12,Rebar,"Bar sits on the substructure level, so it is taken as raft reinforcement. The model carries no bar-to-host relationship to confirm it.",0.6
2EBpToNovFPhJolM8V4mFI,IFCREINFORCINGBAR,Sub Level,2,2.12,Rebar,"Bar sits on the substructure level, so it is taken as raft reinforcement. The model carries no bar-to-host relationship to confirm it.",0.6
2EBpToNovFPhJolMCV4mFI,IFCREINFORCINGBAR,Sub Level,2,2.12,Rebar,"Bar sits on the substructure level, so it is taken as raft reinforcement. The model carries no bar-to-host relationship to confirm it.",0.6
2EBpToNovFPhJolMGV4mFI,IFCREINFORCINGBAR,Sub Level,2,2.12,Rebar,"Bar sits on the substructure level, so it is taken as raft reinforcement. The model carries no bar-to-host relationship to confirm it.",0.6
2EBpToNovFPhJolMKV4mFI,IFCREINFORCINGBAR,Sub Level,2,2.12,Rebar,"Bar sits on the substructure level, so it is taken as raft reinforcement. The model carries no bar-to-host relationship to confirm it.",0.6
2EBpToNovFPhJolMOV4mFI,IFCREINFORCINGBAR,Sub Level,2,2.12,Rebar,"Bar sits on the substructure level, so it is taken as raft reinforcement. The model carries no bar-to-host relationship to confirm it.",0.6
2EBpToNovFPhJolMSV4mFI,IFCREINFORCINGBAR,Sub Level,2,2.12,Rebar,"Bar sits on the substructure level, so it is taken as raft reinforcement. The model carries no bar-to-host relationship to confirm it.",0.6
2EBpToNovFPhJolMWV4mFI,IFCREINFORCINGBAR,Sub Level,2,2.12,Rebar,"Bar sits on the substructure level, so it is taken as raft reinforcement. The model carries no bar-to-host relationship to confirm it.",0.6
2EBpToNovFPhJolMaV4mFI,IFCREINFORCINGBAR,Sub Level,2,2.12,Rebar,"Bar sits on the substructure level, so it is taken as raft reinforcement. The model carries no bar-to-host relationship to confirm it.",0.6
2EBpToNovFPhJolMeV4mFI,IFCREINFORCINGBAR,Sub Level,2,2.12,Rebar,"Bar sits on the substructure level, so it is taken as raft reinforcement. The model carries no bar-to-host relationship to confirm it.",0.6
2EBpToNovFPhJolMiV4mFI,IFCREINFORCINGBAR,Sub Level,2,2.12,Rebar,"Bar sits on the substructure level, so it is taken as raft reinforcement. The model carries no bar-to-host relationship to confirm it.",0.6
2EBpToNovFPhJolMmV4mFI,IFCREINFORCINGBAR,Sub Level,2,2.12,Rebar,"Bar sits on the substructure level, so it is taken as raft reinforcement. The model carries no bar-to-host relationship to confirm it.",0.6
2EBpToNovFPhJolMqV4mFI,IFCREINFORCINGBAR,Sub Level,2,2.12,Rebar,"Bar sits on the substructure level, so it is taken as raft reinforcement. The model carries no bar-to-host relationship to confirm it.",0.6
2EBpToNovFPhJolMuV4mFI,IFCREINFORCINGBAR,Sub Level,2,2.12,Rebar,"Bar sits on the substructure level, so it is taken as raft reinforcement. The model carries no bar-to-host relationship to confirm it.",0.6
2EBpToNovFPhJolMyV4mFI,IFCREINFORCINGBAR,Sub Level,2,2.12,Rebar,"Bar sits on the substructure level, so it is taken as raft reinforcement. The model carries no bar-to-host relationship to confirm it.",0.6
2EBpToNovFPhJolN0V4mFI,IFCREINFORCINGBAR,Sub Level,2,2.12,Rebar,"Bar sits on the substructure level, so it is taken as raft reinforcement. The model carries no bar-to-host relationship to confirm it.",0.6
2EBpToNovFPhJolN4V4mFI,IFCREINFORCINGBAR,Sub Level,2,2.12,Rebar,"Bar sits on the substructure level, so it is taken as raft reinforcement. The model carries no bar-to-host relationship to confirm it.",0.6
2EBpToNovFPhJolN8V4mFI,IFCREINFORCINGBAR,Sub Level,2,2.12,Rebar,"Bar sits on the substructure level, so it is taken as raft reinforcement. The model carries no bar-to-host relationship to confirm it.",0.6
2EBpToNovFPhJolNCV4mFI,IFCREINFORCINGBAR,Sub Level,2,2.12,Rebar,"Bar sits on the substructure level, so it is taken as raft reinforcement. The model carries no bar-to-host relationship to confirm it.",0.6
2EBpToNovFPhJolNGV4mFI,IFCREINFORCINGBAR,Sub Level,2,2.12,Rebar,"Bar sits on the substructure level, so it is taken as raft reinforcement. The model carries no bar-to-host relationship to confirm it.",0.6
2EBpToNovFPhJolNKV4mFI,IFCREINFORCINGBAR,Sub Level,2,2.12,Rebar,"Bar sits on the substructure level, so it is taken as raft reinforcement. The model carries no bar-to-host relationship to confirm it.",0.6
2EBpToNovFPhJolNOV4mFI,IFCREINFORCINGBAR,Sub Level,2,2.12,Rebar,"Bar sits on the substructure level, so it is taken as raft reinforcement. The model carries no bar-to-host relationship to confirm it.",0.6
2EBpToNovFPhJolNSV4mFI,IFCREINFORCINGBAR,Sub Level,2,2.12,Rebar,"Bar sits on the substructure level, so it is taken as raft reinforcement. The model carries no bar-to-host relationship to confirm it.",0.6
2EBpToNovFPhJolNWV4mFI,IFCREINFORCINGBAR,Sub Level,2,2.12,Rebar,"Bar sits on the substructure level, so it is taken as raft reinforcement. The model carries no bar-to-host relationship to confirm it.",0.6
2EBpToNovFPhJolNaV4mFI,IFCREINFORCINGBAR,Sub Level,2,2.12,Rebar,"Bar sits on the substructure level, so it is taken as raft reinforcement. The model carries no bar-to-host relationship to confirm it.",0.6
2EBpToNovFPhJolNeV4mFI,IFCREINFORCINGBAR,Sub Level,2,2.12,Rebar,"Bar sits on the substructure level, so it is taken as raft reinforcement. The model carries no bar-to-host relationship to confirm it.",0.6
2EBpToNovFPhJolNiV4mFI,IFCREINFORCINGBAR,Sub Level,2,2.12,Rebar,"Bar sits on the substructure level, so it is taken as raft reinforcement. The model carries no bar-to-host relationship to confirm it.",0.6
2EBpToNovFPhJolNmV4mFI,IFCREINFORCINGBAR,Sub Level,2,2.12,Rebar,"Bar sits on the substructure level, so it is taken as raft reinforcement. The model carries no bar-to-host relationship to confirm it.",0.6
2EBpToNovFPhJolNqV4mFI,IFCREINFORCINGBAR,Sub Level,2,2.12,Rebar,"Bar sits on the substructure level, so it is taken as raft reinforcement. The model carries no bar-to-host relationship to confirm it.",0.6
2EBpToNovFPhJolNuV4mFI,IFCREINFORCINGBAR,Sub Level,2,2.12,Rebar,"Bar sits on the substructure level, so it is taken as raft reinforcement. The model carries no bar-to-host relationship to confirm it.",0.6
2EBpToNovFPhJolNyV4mFI,IFCREINFORCINGBAR,Sub Level,2,2.12,Rebar,"Bar sits on the substructure level, so it is taken as raft reinforcement. The model carries no bar-to-host relationship to confirm it.",0.6
2EBpToNovFPhJolO0V4mFI,IFCREINFORCINGBAR,Sub Level,2,2.12,Rebar,"Bar sits on the substructure level, so it is taken as raft reinforcement. The model carries no bar-to-host relationship to confirm it.",0.6
2EBpToNovFPhJolO4V4mFI,IFCREINFORCINGBAR,Sub Level,2,2.12,Rebar,"Bar sits on the substructure level, so it is taken as raft reinforcement. The model carries no bar-to-host relationship to confirm it.",0.6
2EBpToNovFPhJolO8V4mFI,IFCREINFORCINGBAR,Sub Level,2,2.12,Rebar,"Bar sits on the substructure level, so it is taken as raft reinforcement. The model carries no bar-to-host relationship to confirm it.",0.6
2EBpToNovFPhJolOCV4mFI,IFCREINFORCINGBAR,Sub Level,2,2.12,Rebar,"Bar sits on the substructure level, so it is taken as raft reinforcement. The model carries no bar-to-host relationship to confirm it.",0.6
2EBpToNovFPhJolOGV4mFI,IFCREINFORCINGBAR,Sub Level,2,2.12,Rebar,"Bar sits on the substructure level, so it is taken as raft reinforcement. The model carries no bar-to-host relationship to confirm it.",0.6
2EBpToNovFPhJolOKV4mFI,IFCREINFORCINGBAR,Sub Level,2,2.12,Rebar,"Bar sits on the substructure level, so it is taken as raft reinforcement. The model carries no bar-to-host relationship to confirm it.",0.6
2EBpToNovFPhJolOOV4mFI,IFCREINFORCINGBAR,Sub Level,2,2.12,Rebar,"Bar sits on the substructure level, so it is taken as raft reinforcement. The model carries no bar-to-host relationship to confirm it.",0.6
2EBpToNovFPhJolOSV4mFI,IFCREINFORCINGBAR,Sub Level,2,2.12,Rebar,"Bar sits on the substructure level, so it is taken as raft reinforcement. The model carries no bar-to-host relationship to confirm it.",0.6
2EBpToNovFPhJolOWV4mFI,IFCREINFORCINGBAR,Sub Level,2,2.12,Rebar,"Bar sits on the substructure level, so it is taken as raft reinforcement. The model carries no bar-to-host relationship to confirm it.",0.6
2EBpToNovFPhJolOaV4mFI,IFCREINFORCINGBAR,Sub Level,2,2.12,Rebar,"Bar sits on the substructure level, so it is taken as raft reinforcement. The model carries no bar-to-host relationship to confirm it.",0.6
2EBpToNovFPhJolOeV4mFI,IFCREINFORCINGBAR,Sub Level,2,2.12,Rebar,"Bar sits on the substructure level, so it is taken as raft reinforcement. The model carries no bar-to-host relationship to confirm it.",0.6
2EBpToNovFPhJolOiV4mFI,IFCREINFORCINGBAR,Sub Level,2,2.12,Rebar,"Bar sits on the substructure level, so it is taken as raft reinforcement. The model carries no bar-to-host relationship to confirm it.",0.6
2EBpToNovFPhJolOmV4mFI,IFCREINFORCINGBAR,Sub Level,2,2.12,Rebar,"Bar sits on the substructure level, so it is taken as raft reinforcement. The model carries no bar-to-host relationship to confirm it.",0.6
2EBpToNovFPhJolOqV4mFI,IFCREINFORCINGBAR,Sub Level,2,2.12,Rebar,"Bar sits on the substructure level, so it is taken as raft reinforcement. The model carries no bar-to-host relationship to confirm it.",0.6
2EBpToNovFPhJolOuV4mFI,IFCREINFORCINGBAR,Sub Level,2,2.12,Rebar,"Bar sits on the substructure level, so it is taken as raft reinforcement. The model carries no bar-to-host relationship to confirm it.",0.6
2EBpToNovFPhJolOyV4mFI,IFCREINFORCINGBAR,Sub Level,2,2.12,Rebar,"Bar sits on the substructure level, so it is taken as raft reinforcement. The model carries no bar-to-host relationship to confirm it.",0.6
2EBpToNovFPhJolP0V4mFI,IFCREINFORCINGBAR,Sub Level,2,2.12,Rebar,"Bar sits on the substructure level, so it is taken as raft reinforcement. The model carries no bar-to-host relationship to confirm it.",0.6
2EBpToNovFPhJolP4V4mFI,IFCREINFORCINGBAR,Sub Level,2,2.12,Rebar,"Bar sits on the substructure level, so it is taken as raft reinforcement. The model carries no bar-to-host relationship to confirm it.",0.6
2EBpToNovFPhJolP8V4mFI,IFCREINFORCINGBAR,Sub Level,2,2.12,Rebar,"Bar sits on the substructure level, so it is taken as raft reinforcement. The model carries no bar-to-host relationship to confirm it.",0.6
2EBpToNovFPhJolPCV4mFI,IFCREINFORCINGBAR,Sub Level,2,2.12,Rebar,"Bar sits on the substructure level, so it is taken as raft reinforcement. The model carries no bar-to-host relationship to confirm it.",0.6
2EBpToNovFPhJolPGV4mFI,IFCREINFORCINGBAR,Sub Level,2,2.12,Rebar,"Bar sits on the substructure level, so it is taken as raft reinforcement. The model carries no bar-to-host relationship to confirm it.",0.6
2EBpToNovFPhJolPKV4mFI,IFCREINFORCINGBAR,Sub Level,2,2.12,Rebar,"Bar sits on the substructure level, so it is taken as raft reinforcement. The model carries no bar-to-host relationship to confirm it.",0.6
2EBpToNovFPhJolPOV4mFI,IFCREINFORCINGBAR,Sub Level,2,2.12,Rebar,"Bar sits on the substructure level, so it is taken as raft reinforcement. The model carries no bar-to-host relationship to confirm it.",0.6
2EBpToNovFPhJolPSV4mFI,IFCREINFORCINGBAR,Sub Level,2,2.12,Rebar,"Bar sits on the substructure level, so it is taken as raft reinforcement. The model carries no bar-to-host relationship to confirm it.",0.6
2EBpToNovFPhJolPWV4mFI,IFCREINFORCINGBAR,Sub Level,2,2.12,Rebar,"Bar sits on the substructure level, so it is taken as raft reinforcement. The model carries no bar-to-host relationship to confirm it.",0.6
2EBpToNovFPhJolPaV4mFI,IFCREINFORCINGBAR,Sub Level,2,2.12,Rebar,"Bar sits on the substructure level, so it is taken as raft reinforcement. The model carries no bar-to-host relationship to confirm it.",0.6
2EBpToNovFPhJolPeV4mFI,IFCREINFORCINGBAR,Sub Level,2,2.12,Rebar,"Bar sits on the substructure level, so it is taken as raft reinforcement. The model carries no bar-to-host relationship to confirm it.",0.6
2EBpToNovFPhJolPiV4mFI,IFCREINFORCINGBAR,Sub Level,2,2.12,Rebar,"Bar sits on the substructure level, so it is taken as raft reinforcement. The model carries no bar-to-host relationship to confirm it.",0.6
2EBpToNovFPhJolPmV4mFI,IFCREINFORCINGBAR,Sub Level,2,2.12,Rebar,"Bar sits on the substructure level, so it is taken as raft reinforcement. The model carries no bar-to-host relationship to confirm it.",0.6
2EBpToNovFPhJolPqV4mFI,IFCREINFORCINGBAR,Sub Level,2,2.12,Rebar,"Bar sits on the substructure level, so it is taken as raft reinforcement. The model carries no bar-to-host relationship to confirm it.",0.6
2EBpToNovFPhJolPuV4mFI,IFCREINFORCINGBAR,Sub Level,2,2.12,Rebar,"Bar sits on the substructure level, so it is taken as raft reinforcement. The model carries no bar-to-host relationship to confirm it.",0.6
2EBpToNovFPhJolPyV4mFI,IFCREINFORCINGBAR,Sub Level,2,2.12,Rebar,"Bar sits on the substructure level, so it is taken as raft reinforcement. The model carries no bar-to-host relationship to confirm it.",0.6
2EBpToNovFPhJolQ0V4mFI,IFCREINFORCINGBAR,Sub Level,2,2.12,Rebar,"Bar sits on the substructure level, so it is taken as raft reinforcement. The model carries no bar-to-host relationship to confirm it.",0.6
2EBpToNovFPhJolQ4V4mFI,IFCREINFORCINGBAR,Sub Level,2,2.12,Rebar,"Bar sits on the substructure level, so it is taken as raft reinforcement. The model carries no bar-to-host relationship to confirm it.",0.6
2EBpToNovFPhJolQ8V4mFI,IFCREINFORCINGBAR,Sub Level,2,2.12,Rebar,"Bar sits on the substructure level, so it is taken as raft reinforcement. The model carries no bar-to-host relationship to confirm it.",0.6
2EBpToNovFPhJolQCV4mFI,IFCREINFORCINGBAR,Sub Level,2,2.12,Rebar,"Bar sits on the substructure level, so it is taken as raft reinforcement. The model carries no bar-to-host relationship to confirm it.",0.6
2EBpToNovFPhJolQGV4mFI,IFCREINFORCINGBAR,Sub Level,2,2.12,Rebar,"Bar sits on the substructure level, so it is taken as raft reinforcement. The model carries no bar-to-host relationship to confirm it.",0.6
2EBpToNovFPhJolQKV4mFI,IFCREINFORCINGBAR,Sub Level,2,2.12,Rebar,"Bar sits on the substructure level, so it is taken as raft reinforcement. The model carries no bar-to-host relationship to confirm it.",0.6
2EBpToNovFPhJolQOV4mFI,IFCREINFORCINGBAR,Sub Level,2,2.12,Rebar,"Bar sits on the substructure level, so it is taken as raft reinforcement. The model carries no bar-to-host relationship to confirm it.",0.6
2EBpToNovFPhJolQSV4mFI,IFCREINFORCINGBAR,Sub Level,2,2.12,Rebar,"Bar sits on the substructure level, so it is taken as raft reinforcement. The model carries no bar-to-host relationship to confirm it.",0.6
2EBpToNovFPhJolQWV4mFI,IFCREINFORCINGBAR,Sub Level,2,2.12,Rebar,"Bar sits on the substructure level, so it is taken as raft reinforcement. The model carries no bar-to-host relationship to confirm it.",0.6
2EBpToNovFPhJolQaV4mFI,IFCREINFORCINGBAR,Sub Level,2,2.12,Rebar,"Bar sits on the substructure level, so it is taken as raft reinforcement. The model carries no bar-to-host relationship to confirm it.",0.6
2EBpToNovFPhJolQeV4mFI,IFCREINFORCINGBAR,Sub Level,2,2.12,Rebar,"Bar sits on the substructure level, so it is taken as raft reinforcement. The model carries no bar-to-host relationship to confirm it.",0.6
2EBpToNovFPhJolQiV4mFI,IFCREINFORCINGBAR,Sub Level,2,2.12,Rebar,"Bar sits on the substructure level, so it is taken as raft reinforcement. The model carries no bar-to-host relationship to confirm it.",0.6
2EBpToNovFPhJolQmV4mFI,IFCREINFORCINGBAR,Sub Level,2,2.12,Rebar,"Bar sits on the substructure level, so it is taken as raft reinforcement. The model carries no bar-to-host relationship to confirm it.",0.6
2EBpToNovFPhJolQqV4mFI,IFCREINFORCINGBAR,Sub Level,2,2.12,Rebar,"Bar sits on the substructure level, so it is taken as raft reinforcement. The model carries no bar-to-host relationship to confirm it.",0.6
2EBpToNovFPhJolQuV4mFI,IFCREINFORCINGBAR,Sub Level,2,2.12,Rebar,"Bar sits on the substructure level, so it is taken as raft reinforcement. The model carries no bar-to-host relationship to confirm it.",0.6
2EBpToNovFPhJolQyV4mFI,IFCREINFORCINGBAR,Sub Level,2,2.12,Rebar,"Bar sits on the substructure level, so it is taken as raft reinforcement. The model carries no bar-to-host relationship to confirm it.",0.6
2EBpToNovFPhJolR0V4mFI,IFCREINFORCINGBAR,Sub Level,2,2.12,Rebar,"Bar sits on the substructure level, so it is taken as raft reinforcement. The model carries no bar-to-host relationship to confirm it.",0.6
2EBpToNovFPhJolR4V4mFI,IFCREINFORCINGBAR,Sub Level,2,2.12,Rebar,"Bar sits on the substructure level, so it is taken as raft reinforcement. The model carries no bar-to-host relationship to confirm it.",0.6
2EBpToNovFPhJolR8V4mFI,IFCREINFORCINGBAR,Sub Level,2,2.12,Rebar,"Bar sits on the substructure level, so it is taken as raft reinforcement. The model carries no bar-to-host relationship to confirm it.",0.6
2EBpToNovFPhJolRCV4mFI,IFCREINFORCINGBAR,Sub Level,2,2.12,Rebar,"Bar sits on the substructure level, so it is taken as raft reinforcement. The model carries no bar-to-host relationship to confirm it.",0.6
2EBpToNovFPhJolRGV4mFI,IFCREINFORCINGBAR,Sub Level,2,2.12,Rebar,"Bar sits on the substructure level, so it is taken as raft reinforcement. The model carries no bar-to-host relationship to confirm it.",0.6
2EBpToNovFPhJolRKV4mFI,IFCREINFORCINGBAR,Sub Level,2,2.12,Rebar,"Bar sits on the substructure level, so it is taken as raft reinforcement. The model carries no bar-to-host relationship to confirm it.",0.6
2EBpToNovFPhJolROV4mFI,IFCREINFORCINGBAR,Sub Level,2,2.12,Rebar,"Bar sits on the substructure level, so it is taken as raft reinforcement. The model carries no bar-to-host relationship to confirm it.",0.6
2EBpToNovFPhJolRSV4mFI,IFCREINFORCINGBAR,Sub Level,2,2.12,Rebar,"Bar sits on the substructure level, so it is taken as raft reinforcement. The model carries no bar-to-host relationship to confirm it.",0.6
2EBpToNovFPhJolRWV4mFI,IFCREINFORCINGBAR,Sub Level,2,2.12,Rebar,"Bar sits on the substructure level, so it is taken as raft reinforcement. The model carries no bar-to-host relationship to confirm it.",0.6
2EBpToNovFPhJolRaV4mFI,IFCREINFORCINGBAR,Sub Level,2,2.12,Rebar,"Bar sits on the substructure level, so it is taken as raft reinforcement. The model carries no bar-to-host relationship to confirm it.",0.6
2EBpToNovFPhJolReV4mFI,IFCREINFORCINGBAR,Sub Level,2,2.12,Rebar,"Bar sits on the substructure level, so it is taken as raft reinforcement. The model carries no bar-to-host relationship to confirm it.",0.6
2EBpToNovFPhJolRiV4mFI,IFCREINFORCINGBAR,Sub Level,2,2.12,Rebar,"Bar sits on the substructure level, so it is taken as raft reinforcement. The model carries no bar-to-host relationship to confirm it.",0.6
2EBpToNovFPhJolRmV4mFI,IFCREINFORCINGBAR,Sub Level,2,2.12,Rebar,"Bar sits on the substructure level, so it is taken as raft reinforcement. The model carries no bar-to-host relationship to confirm it.",0.6
2EBpToNovFPhJolRqV4mFI,IFCREINFORCINGBAR,Sub Level,2,2.12,Rebar,"Bar sits on the substructure level, so it is taken as raft reinforcement. The model carries no bar-to-host relationship to confirm it.",0.6
2EBpToNovFPhJolRuV4mFI,IFCREINFORCINGBAR,Sub Level,2,2.12,Rebar,"Bar sits on the substructure level, so it is taken as raft reinforcement. The model carries no bar-to-host relationship to confirm it.",0.6
2EBpToNovFPhJolRyV4mFI,IFCREINFORCINGBAR,Sub Level,2,2.12,Rebar,"Bar sits on the substructure level, so it is taken as raft reinforcement. The model carries no bar-to-host relationship to confirm it.",0.6
2EBpToNovFPhJolS0V4mFI,IFCREINFORCINGBAR,Sub Level,2,2.12,Rebar,"Bar sits on the substructure level, so it is taken as raft reinforcement. The model carries no bar-to-host relationship to confirm it.",0.6
2EBpToNovFPhJolS4V4mFI,IFCREINFORCINGBAR,Sub Level,2,2.12,Rebar,"Bar sits on the substructure level, so it is taken as raft reinforcement. The model carries no bar-to-host relationship to confirm it.",0.6
2EBpToNovFPhJolS8V4mFI,IFCREINFORCINGBAR,Sub Level,2,2.12,Rebar,"Bar sits on the substructure level, so it is taken as raft reinforcement. The model carries no bar-to-host relationship to confirm it.",0.6
2EBpToNovFPhJolSCV4mFI,IFCREINFORCINGBAR,Sub Level,2,2.12,Rebar,"Bar sits on the substructure level, so it is taken as raft reinforcement. The model carries no bar-to-host relationship to confirm it.",0.6
2EBpToNovFPhJolSGV4mFI,IFCREINFORCINGBAR,Sub Level,2,2.12,Rebar,"Bar sits on the substructure level, so it is taken as raft reinforcement. The model carries no bar-to-host relationship to confirm it.",0.6
2EBpToNovFPhJolSKV4mFI,IFCREINFORCINGBAR,Sub Level,2,2.12,Rebar,"Bar sits on the substructure level, so it is taken as raft reinforcement. The model carries no bar-to-host relationship to confirm it.",0.6
2EBpToNovFPhJolSOV4mFI,IFCREINFORCINGBAR,Sub Level,2,2.12,Rebar,"Bar sits on the substructure level, so it is taken as raft reinforcement. The model carries no bar-to-host relationship to confirm it.",0.6
2EBpToNovFPhJolSSV4mFI,IFCREINFORCINGBAR,Sub Level,2,2.12,Rebar,"Bar sits on the substructure level, so it is taken as raft reinforcement. The model carries no bar-to-host relationship to confirm it.",0.6
2EBpToNovFPhJolSWV4mFI,IFCREINFORCINGBAR,Sub Level,2,2.12,Rebar,"Bar sits on the substructure level, so it is taken as raft reinforcement. The model carries no bar-to-host relationship to confirm it.",0.6
2EBpToNovFPhJolSaV4mFI,IFCREINFORCINGBAR,Sub Level,2,2.12,Rebar,"Bar sits on the substructure level, so it is taken as raft reinforcement. The model carries no bar-to-host relationship to confirm it.",0.6
2EBpToNovFPhJolSeV4mFI,IFCREINFORCINGBAR,Sub Level,2,2.12,Rebar,"Bar sits on the substructure level, so it is taken as raft reinforcement. The model carries no bar-to-host relationship to confirm it.",0.6
2EBpToNovFPhJolSiV4mFI,IFCREINFORCINGBAR,Sub Level,2,2.12,Rebar,"Bar sits on the substructure level, so it is taken as raft reinforcement. The model carries no bar-to-host relationship to confirm it.",0.6
2EBpToNovFPhJolSmV4mFI,IFCREINFORCINGBAR,Sub Level,2,2.12,Rebar,"Bar sits on the substructure level, so it is taken as raft reinforcement. The model carries no bar-to-host relationship to confirm it.",0.6
2EBpToNovFPhJolSqV4mFI,IFCREINFORCINGBAR,Sub Level,2,2.12,Rebar,"Bar sits on the substructure level, so it is taken as raft reinforcement. The model carries no bar-to-host relationship to confirm it.",0.6
2EBpToNovFPhJolSuV4mFI,IFCREINFORCINGBAR,Sub Level,2,2.12,Rebar,"Bar sits on the substructure level, so it is taken as raft reinforcement. The model carries no bar-to-host relationship to confirm it.",0.6
2EBpToNovFPhJolSyV4mFI,IFCREINFORCINGBAR,Sub Level,2,2.12,Rebar,"Bar sits on the substructure level, so it is taken as raft reinforcement. The model carries no bar-to-host relationship to confirm it.",0.6
2EBpToNovFPhJolT0V4mFI,IFCREINFORCINGBAR,Sub Level,2,2.12,Rebar,"Bar sits on the substructure level, so it is taken as raft reinforcement. The model carries no bar-to-host relationship to confirm it.",0.6
2EBpToNovFPhJolT4V4mFI,IFCREINFORCINGBAR,Sub Level,2,2.12,Rebar,"Bar sits on the substructure level, so it is taken as raft reinforcement. The model carries no bar-to-host relationship to confirm it.",0.6
2EBpToNovFPhJolT8V4mFI,IFCREINFORCINGBAR,Sub Level,2,2.12,Rebar,"Bar sits on the substructure level, so it is taken as raft reinforcement. The model carries no bar-to-host relationship to confirm it.",0.6
2EBpToNovFPhJolTCV4mFI,IFCREINFORCINGBAR,Sub Level,2,2.12,Rebar,"Bar sits on the substructure level, so it is taken as raft reinforcement. The model carries no bar-to-host relationship to confirm it.",0.6
2EBpToNovFPhJolTGV4mFI,IFCREINFORCINGBAR,Sub Level,2,2.12,Rebar,"Bar sits on the substructure level, so it is taken as raft reinforcement. The model carries no bar-to-host relationship to confirm it.",0.6
2EBpToNovFPhJolTKV4mFI,IFCREINFORCINGBAR,Sub Level,2,2.12,Rebar,"Bar sits on the substructure level, so it is taken as raft reinforcement. The model carries no bar-to-host relationship to confirm it.",0.6
2EBpToNovFPhJolTOV4mFI,IFCREINFORCINGBAR,Sub Level,2,2.12,Rebar,"Bar sits on the substructure level, so it is taken as raft reinforcement. The model carries no bar-to-host relationship to confirm it.",0.6
2EBpToNovFPhJolTSV4mFI,IFCREINFORCINGBAR,Sub Level,2,2.12,Rebar,"Bar sits on the substructure level, so it is taken as raft reinforcement. The model carries no bar-to-host relationship to confirm it.",0.6
2EBpToNovFPhJolTWV4mFI,IFCREINFORCINGBAR,Sub Level,2,2.12,Rebar,"Bar sits on the substructure level, so it is taken as raft reinforcement. The model carries no bar-to-host relationship to confirm it.",0.6
2EBpToNovFPhJolTaV4mFI,IFCREINFORCINGBAR,Sub Level,2,2.12,Rebar,"Bar sits on the substructure level, so it is taken as raft reinforcement. The model carries no bar-to-host relationship to confirm it.",0.6
2EBpToNovFPhJolTeV4mFI,IFCREINFORCINGBAR,Sub Level,2,2.12,Rebar,"Bar sits on the substructure level, so it is taken as raft reinforcement. The model carries no bar-to-host relationship to confirm it.",0.6
2EBpToNovFPhJolTiV4mFI,IFCREINFORCINGBAR,Sub Level,2,2.12,Rebar,"Bar sits on the substructure level, so it is taken as raft reinforcement. The model carries no bar-to-host relationship to confirm it.",0.6
2EBpToNovFPhJolTmV4mFI,IFCREINFORCINGBAR,Sub Level,2,2.12,Rebar,"Bar sits on the substructure level, so it is taken as raft reinforcement. The model carries no bar-to-host relationship to confirm it.",0.6
2EBpToNovFPhJolTqV4mFI,IFCREINFORCINGBAR,Sub Level,2,2.12,Rebar,"Bar sits on the substructure level, so it is taken as raft reinforcement. The model carries no bar-to-host relationship to confirm it.",0.6
2EBpToNovFPhJolTuV4mFI,IFCREINFORCINGBAR,Sub Level,2,2.12,Rebar,"Bar sits on the substructure level, so it is taken as raft reinforcement. The model carries no bar-to-host relationship to confirm it.",0.6
2EBpToNovFPhJolTyV4mFI,IFCREINFORCINGBAR,Sub Level,2,2.12,Rebar,"Bar sits on the substructure level, so it is taken as raft reinforcement. The model carries no bar-to-host relationship to confirm it.",0.6
2EBpToNovFPhJolU0V4mFI,IFCREINFORCINGBAR,Sub Level,2,2.12,Rebar,"Bar sits on the substructure level, so it is taken as raft reinforcement. The model carries no bar-to-host relationship to confirm it.",0.6
2EBpToNovFPhJolU4V4mFI,IFCREINFORCINGBAR,Sub Level,2,2.12,Rebar,"Bar sits on the substructure level, so it is taken as raft reinforcement. The model carries no bar-to-host relationship to confirm it.",0.6
2EBpToNovFPhJolU8V4mFI,IFCREINFORCINGBAR,Sub Level,2,2.12,Rebar,"Bar sits on the substructure level, so it is taken as raft reinforcement. The model carries no bar-to-host relationship to confirm it.",0.6
2EBpToNovFPhJolUCV4mFI,IFCREINFORCINGBAR,Sub Level,2,2.12,Rebar,"Bar sits on the substructure level, so it is taken as raft reinforcement. The model carries no bar-to-host relationship to confirm it.",0.6
2EBpToNovFPhJolUGV4mFI,IFCREINFORCINGBAR,Sub Level,2,2.12,Rebar,"Bar sits on the substructure level, so it is taken as raft reinforcement. The model carries no bar-to-host relationship to confirm it.",0.6
2EBpToNovFPhJolUKV4mFI,IFCREINFORCINGBAR,Sub Level,2,2.12,Rebar,"Bar sits on the substructure level, so it is taken as raft reinforcement. The model carries no bar-to-host relationship to confirm it.",0.6
2EBpToNovFPhJolUOV4mFI,IFCREINFORCINGBAR,Sub Level,2,2.12,Rebar,"Bar sits on the substructure level, so it is taken as raft reinforcement. The model carries no bar-to-host relationship to confirm it.",0.6
2EBpToNovFPhJolUSV4mFI,IFCREINFORCINGBAR,Sub Level,2,2.12,Rebar,"Bar sits on the substructure level, so it is taken as raft reinforcement. The model carries no bar-to-host relationship to confirm it.",0.6
2EBpToNovFPhJolUWV4mFI,IFCREINFORCINGBAR,Sub Level,2,2.12,Rebar,"Bar sits on the substructure level, so it is taken as raft reinforcement. The model carries no bar-to-host relationship to confirm it.",0.6
2EBpToNovFPhJolUaV4mFI,IFCREINFORCINGBAR,Sub Level,2,2.12,Rebar,"Bar sits on the substructure level, so it is taken as raft reinforcement. The model carries no bar-to-host relationship to confirm it.",0.6
2EBpToNovFPhJolUeV4mFI,IFCREINFORCINGBAR,Sub Level,2,2.12,Rebar,"Bar sits on the substructure level, so it is taken as raft reinforcement. The model carries no bar-to-host relationship to confirm it.",0.6
2EBpToNovFPhJolUiV4mFI,IFCREINFORCINGBAR,Sub Level,2,2.12,Rebar,"Bar sits on the substructure level, so it is taken as raft reinforcement. The model carries no bar-to-host relationship to confirm it.",0.6
2EBpToNovFPhJolUmV4mFI,IFCREINFORCINGBAR,Sub Level,2,2.12,Rebar,"Bar sits on the substructure level, so it is taken as raft reinforcement. The model carries no bar-to-host relationship to confirm it.",0.6
2EBpToNovFPhJolUqV4mFI,IFCREINFORCINGBAR,Sub Level,2,2.12,Rebar,"Bar sits on the substructure level, so it is taken as raft reinforcement. The model carries no bar-to-host relationship to confirm it.",0.6
2EBpToNovFPhJolUuV4mFI,IFCREINFORCINGBAR,Sub Level,2,2.12,Rebar,"Bar sits on the substructure level, so it is taken as raft reinforcement. The model carries no bar-to-host relationship to confirm it.",0.6
2EBpToNovFPhJolUyV4mFI,IFCREINFORCINGBAR,Sub Level,2,2.12,Rebar,"Bar sits on the substructure level, so it is taken as raft reinforcement. The model carries no bar-to-host relationship to confirm it.",0.6
2EBpToNovFPhJolV0V4mFI,IFCREINFORCINGBAR,Sub Level,2,2.12,Rebar,"Bar sits on the substructure level, so it is taken as raft reinforcement. The model carries no bar-to-host relationship to confirm it.",0.6
2EBpToNovFPhJolV4V4mFI,IFCREINFORCINGBAR,Sub Level,2,2.12,Rebar,"Bar sits on the substructure level, so it is taken as raft reinforcement. The model carries no bar-to-host relationship to confirm it.",0.6
2EBpToNovFPhJolV8V4mFI,IFCREINFORCINGBAR,Sub Level,2,2.12,Rebar,"Bar sits on the substructure level, so it is taken as raft reinforcement. The model carries no bar-to-host relationship to confirm it.",0.6
2EBpToNovFPhJolVCV4mFI,IFCREINFORCINGBAR,Sub Level,2,2.12,Rebar,"Bar sits on the substructure level, so it is taken as raft reinforcement. The model carries no bar-to-host relationship to confirm it.",0.6
2EBpToNovFPhJolVGV4mFI,IFCREINFORCINGBAR,Sub Level,2,2.12,Rebar,"Bar sits on the substructure level, so it is taken as raft reinforcement. The model carries no bar-to-host relationship to confirm it.",0.6
2EBpToNovFPhJolVKV4mFI,IFCREINFORCINGBAR,Sub Level,2,2.12,Rebar,"Bar sits on the substructure level, so it is taken as raft reinforcement. The model carries no bar-to-host relationship to confirm it.",0.6
2EBpToNovFPhJolVOV4mFI,IFCREINFORCINGBAR,Sub Level,2,2.12,Rebar,"Bar sits on the substructure level, so it is taken as raft reinforcement. The model carries no bar-to-host relationship to confirm it.",0.6
2EBpToNovFPhJolVSV4mFI,IFCREINFORCINGBAR,Sub Level,2,2.12,Rebar,"Bar sits on the substructure level, so it is taken as raft reinforcement. The model carries no bar-to-host relationship to confirm it.",0.6
2EBpToNovFPhJolVWV4mFI,IFCREINFORCINGBAR,Sub Level,2,2.12,Rebar,"Bar sits on the substructure level, so it is taken as raft reinforcement. The model carries no bar-to-host relationship to confirm it.",0.6
2EBpToNovFPhJolVaV4mFI,IFCREINFORCINGBAR,Sub Level,2,2.12,Rebar,"Bar sits on the substructure level, so it is taken as raft reinforcement. The model carries no bar-to-host relationship to confirm it.",0.6
2EBpToNovFPhJolVeV4mFI,IFCREINFORCINGBAR,Sub Level,2,2.12,Rebar,"Bar sits on the substructure level, so it is taken as raft reinforcement. The model carries no bar-to-host relationship to confirm it.",0.6
2EBpToNovFPhJolViV4mFI,IFCREINFORCINGBAR,Sub Level,2,2.12,Rebar,"Bar sits on the substructure level, so it is taken as raft reinforcement. The model carries no bar-to-host relationship to confirm it.",0.6
2EBpToNovFPhJolVmV4mFI,IFCREINFORCINGBAR,Sub Level,2,2.12,Rebar,"Bar sits on the substructure level, so it is taken as raft reinforcement. The model carries no bar-to-host relationship to confirm it.",0.6
2EBpToNovFPhJolVqV4mFI,IFCREINFORCINGBAR,Sub Level,2,2.12,Rebar,"Bar sits on the substructure level, so it is taken as raft reinforcement. The model carries no bar-to-host relationship to confirm it.",0.6
2EBpToNovFPhJolVuV4mFI,IFCREINFORCINGBAR,Sub Level,2,2.12,Rebar,"Bar sits on the substructure level, so it is taken as raft reinforcement. The model carries no bar-to-host relationship to confirm it.",0.6
2EBpToNovFPhJolVyV4mFI,IFCREINFORCINGBAR,Sub Level,2,2.12,Rebar,"Bar sits on the substructure level, so it is taken as raft reinforcement. The model carries no bar-to-host relationship to confirm it.",0.6
2EBpToNovFPhJoli0V4mFI,IFCREINFORCINGBAR,Sub Level,2,2.12,Rebar,"Bar sits on the substructure level, so it is taken as raft reinforcement. The model carries no bar-to-host relationship to confirm it.",0.6
2EBpToNovFPhJoli4V4mFI,IFCREINFORCINGBAR,Sub Level,2,2.12,Rebar,"Bar sits on the substructure level, so it is taken as raft reinforcement. The model carries no bar-to-host relationship to confirm it.",0.6
2EBpToNovFPhJoli8V4mFI,IFCREINFORCINGBAR,Sub Level,2,2.12,Rebar,"Bar sits on the substructure level, so it is taken as raft reinforcement. The model carries no bar-to-host relationship to confirm it.",0.6
2EBpToNovFPhJoliCV4mFI,IFCREINFORCINGBAR,Sub Level,2,2.12,Rebar,"Bar sits on the substructure level, so it is taken as raft reinforcement. The model carries no bar-to-host relationship to confirm it.",0.6
2EBpToNovFPhJoliGV4mFI,IFCREINFORCINGBAR,Sub Level,2,2.12,Rebar,"Bar sits on the substructure level, so it is taken as raft reinforcement. The model carries no bar-to-host relationship to confirm it.",0.6
2EBpToNovFPhJoliKV4mFI,IFCREINFORCINGBAR,Sub Level,2,2.12,Rebar,"Bar sits on the substructure level, so it is taken as raft reinforcement. The model carries no bar-to-host relationship to confirm it.",0.6
2EBpToNovFPhJoliOV4mFI,IFCREINFORCINGBAR,Sub Level,2,2.12,Rebar,"Bar sits on the substructure level, so it is taken as raft reinforcement. The model carries no bar-to-host relationship to confirm it.",0.6
2EBpToNovFPhJoliSV4mFI,IFCREINFORCINGBAR,Sub Level,2,2.12,Rebar,"Bar sits on the substructure level, so it is taken as raft reinforcement. The model carries no bar-to-host relationship to confirm it.",0.6
2EBpToNovFPhJoliWV4mFI,IFCREINFORCINGBAR,Sub Level,2,2.12,Rebar,"Bar sits on the substructure level, so it is taken as raft reinforcement. The model carries no bar-to-host relationship to confirm it.",0.6
2EBpToNovFPhJoliaV4mFI,IFCREINFORCINGBAR,Sub Level,2,2.12,Rebar,"Bar sits on the substructure level, so it is taken as raft reinforcement. The model carries no bar-to-host relationship to confirm it.",0.6
2EBpToNovFPhJolieV4mFI,IFCREINFORCINGBAR,Sub Level,2,2.12,Rebar,"Bar sits on the substructure level, so it is taken as raft reinforcement. The model carries no bar-to-host relationship to confirm it.",0.6
2EBpToNovFPhJoliiV4mFI,IFCREINFORCINGBAR,Sub Level,2,2.12,Rebar,"Bar sits on the substructure level, so it is taken as raft reinforcement. The model carries no bar-to-host relationship to confirm it.",0.6
2EBpToNovFPhJolimV4mFI,IFCREINFORCINGBAR,Sub Level,2,2.12,Rebar,"Bar sits on the substructure level, so it is taken as raft reinforcement. The model carries no bar-to-host relationship to confirm it.",0.6
2EBpToNovFPhJoliqV4mFI,IFCREINFORCINGBAR,Sub Level,2,2.12,Rebar,"Bar sits on the substructure level, so it is taken as raft reinforcement. The model carries no bar-to-host relationship to confirm it.",0.6
2EBpToNovFPhJoliuV4mFI,IFCREINFORCINGBAR,Sub Level,2,2.12,Rebar,"Bar sits on the substructure level, so it is taken as raft reinforcement. The model carries no bar-to-host relationship to confirm it.",0.6
2EBpToNovFPhJoliyV4mFI,IFCREINFORCINGBAR,Sub Level,2,2.12,Rebar,"Bar sits on the substructure level, so it is taken as raft reinforcement. The model carries no bar-to-host relationship to confirm it.",0.6
2EBpToNovFPhJoljGV4mFI,IFCREINFORCINGBAR,Sub Level,2,2.12,Rebar,"Bar sits on the substructure level, so it is taken as raft reinforcement. The model carries no bar-to-host relationship to confirm it.",0.6
2EBpToNovFPhJoljKV4mFI,IFCREINFORCINGBAR,Sub Level,2,2.12,Rebar,"Bar sits on the substructure level, so it is taken as raft reinforcement. The model carries no bar-to-host relationship to confirm it.",0.6
2EBpToNovFPhJolk0V4mFI,IFCREINFORCINGBAR,Sub Level,2,2.12,Rebar,"Bar sits on the substructure level, so it is taken as raft reinforcement. The model carries no bar-to-host relationship to confirm it.",0.6
2EBpToNovFPhJolk4V4mFI,IFCREINFORCINGBAR,Sub Level,2,2.12,Rebar,"Bar sits on the substructure level, so it is taken as raft reinforcement. The model carries no bar-to-host relationship to confirm it.",0.6
2EBpToNovFPhJolk8V4mFI,IFCREINFORCINGBAR,Sub Level,2,2.12,Rebar,"Bar sits on the substructure level, so it is taken as raft reinforcement. The model carries no bar-to-host relationship to confirm it.",0.6
2EBpToNovFPhJolkCV4mFI,IFCREINFORCINGBAR,Sub Level,2,2.12,Rebar,"Bar sits on the substructure level, so it is taken as raft reinforcement. The model carries no bar-to-host relationship to confirm it.",0.6
2EBpToNovFPhJolkGV4mFI,IFCREINFORCINGBAR,Sub Level,2,2.12,Rebar,"Bar sits on the substructure level, so it is taken as raft reinforcement. The model carries no bar-to-host relationship to confirm it.",0.6
2EBpToNovFPhJolkKV4mFI,IFCREINFORCINGBAR,Sub Level,2,2.12,Rebar,"Bar sits on the substructure level, so it is taken as raft reinforcement. The model carries no bar-to-host relationship to confirm it.",0.6
2EBpToNovFPhJolkOV4mFI,IFCREINFORCINGBAR,Sub Level,2,2.12,Rebar,"Bar sits on the substructure level, so it is taken as raft reinforcement. The model carries no bar-to-host relationship to confirm it.",0.6
2EBpToNovFPhJolkSV4mFI,IFCREINFORCINGBAR,Sub Level,2,2.12,Rebar,"Bar sits on the substructure level, so it is taken as raft reinforcement. The model carries no bar-to-host relationship to confirm it.",0.6
2EBpToNovFPhJolkWV4mFI,IFCREINFORCINGBAR,Sub Level,2,2.12,Rebar,"Bar sits on the substructure level, so it is taken as raft reinforcement. The model carries no bar-to-host relationship to confirm it.",0.6
2EBpToNovFPhJolkaV4mFI,IFCREINFORCINGBAR,Sub Level,2,2.12,Rebar,"Bar sits on the substructure level, so it is taken as raft reinforcement. The model carries no bar-to-host relationship to confirm it.",0.6
2EBpToNovFPhJolkeV4mFI,IFCREINFORCINGBAR,Sub Level,2,2.12,Rebar,"Bar sits on the substructure level, so it is taken as raft reinforcement. The model carries no bar-to-host relationship to confirm it.",0.6
2EBpToNovFPhJolkiV4mFI,IFCREINFORCINGBAR,Sub Level,2,2.12,Rebar,"Bar sits on the substructure level, so it is taken as raft reinforcement. The model carries no bar-to-host relationship to confirm it.",0.6
2EBpToNovFPhJolkmV4mFI,IFCREINFORCINGBAR,Sub Level,2,2.12,Rebar,"Bar sits on the substructure level, so it is taken as raft reinforcement. The model carries no bar-to-host relationship to confirm it.",0.6
2EBpToNovFPhJolkqV4mFI,IFCREINFORCINGBAR,Sub Level,2,2.12,Rebar,"Bar sits on the substructure level, so it is taken as raft reinforcement. The model carries no bar-to-host relationship to confirm it.",0.6
2EBpToNovFPhJolkuV4mFI,IFCREINFORCINGBAR,Sub Level,2,2.12,Rebar,"Bar sits on the substructure level, so it is taken as raft reinforcement. The model carries no bar-to-host relationship to confirm it.",0.6
2EBpToNovFPhJolkyV4mFI,IFCREINFORCINGBAR,Sub Level,2,2.12,Rebar,"Bar sits on the substructure level, so it is taken as raft reinforcement. The model carries no bar-to-host relationship to confirm it.",0.6
2EBpToNovFPhJoll0V4mFI,IFCREINFORCINGBAR,Sub Level,2,2.12,Rebar,"Bar sits on the substructure level, so it is taken as raft reinforcement. The model carries no bar-to-host relationship to confirm it.",0.6
2EBpToNovFPhJoll4V4mFI,IFCREINFORCINGBAR,Sub Level,2,2.12,Rebar,"Bar sits on the substructure level, so it is taken as raft reinforcement. The model carries no bar-to-host relationship to confirm it.",0.6
2EBpToNovFPhJoll8V4mFI,IFCREINFORCINGBAR,Sub Level,2,2.12,Rebar,"Bar sits on the substructure level, so it is taken as raft reinforcement. The model carries no bar-to-host relationship to confirm it.",0.6
2EBpToNovFPhJollCV4mFI,IFCREINFORCINGBAR,Sub Level,2,2.12,Rebar,"Bar sits on the substructure level, so it is taken as raft reinforcement. The model carries no bar-to-host relationship to confirm it.",0.6
2EBpToNovFPhJollGV4mFI,IFCREINFORCINGBAR,Sub Level,2,2.12,Rebar,"Bar sits on the substructure level, so it is taken as raft reinforcement. The model carries no bar-to-host relationship to confirm it.",0.6
2EBpToNovFPhJollKV4mFI,IFCREINFORCINGBAR,Sub Level,2,2.12,Rebar,"Bar sits on the substructure level, so it is taken as raft reinforcement. The model carries no bar-to-host relationship to confirm it.",0.6
2EBpToNovFPhJollOV4mFI,IFCREINFORCINGBAR,Sub Level,2,2.12,Rebar,"Bar sits on the substructure level, so it is taken as raft reinforcement. The model carries no bar-to-host relationship to confirm it.",0.6
2EBpToNovFPhJollSV4mFI,IFCREINFORCINGBAR,Sub Level,2,2.12,Rebar,"Bar sits on the substructure level, so it is taken as raft reinforcement. The model carries no bar-to-host relationship to confirm it.",0.6
2EBpToNovFPhJollWV4mFI,IFCREINFORCINGBAR,Sub Level,2,2.12,Rebar,"Bar sits on the substructure level, so it is taken as raft reinforcement. The model carries no bar-to-host relationship to confirm it.",0.6
2EBpToNovFPhJollaV4mFI,IFCREINFORCINGBAR,Sub Level,2,2.12,Rebar,"Bar sits on the substructure level, so it is taken as raft reinforcement. The model carries no bar-to-host relationship to confirm it.",0.6
2EBpToNovFPhJolleV4mFI,IFCREINFORCINGBAR,Sub Level,2,2.12,Rebar,"Bar sits on the substructure level, so it is taken as raft reinforcement. The model carries no bar-to-host relationship to confirm it.",0.6
2EBpToNovFPhJolliV4mFI,IFCREINFORCINGBAR,Sub Level,2,2.12,Rebar,"Bar sits on the substructure level, so it is taken as raft reinforcement. The model carries no bar-to-host relationship to confirm it.",0.6
2EBpToNovFPhJollmV4mFI,IFCREINFORCINGBAR,Sub Level,2,2.12,Rebar,"Bar sits on the substructure level, so it is taken as raft reinforcement. The model carries no bar-to-host relationship to confirm it.",0.6
2EBpToNovFPhJollqV4mFI,IFCREINFORCINGBAR,Sub Level,2,2.12,Rebar,"Bar sits on the substructure level, so it is taken as raft reinforcement. The model carries no bar-to-host relationship to confirm it.",0.6
2EBpToNovFPhJolluV4mFI,IFCREINFORCINGBAR,Sub Level,2,2.12,Rebar,"Bar sits on the substructure level, so it is taken as raft reinforcement. The model carries no bar-to-host relationship to confirm it.",0.6
2EBpToNovFPhJollyV4mFI,IFCREINFORCINGBAR,Sub Level,2,2.12,Rebar,"Bar sits on the substructure level, so it is taken as raft reinforcement. The model carries no bar-to-host relationship to confirm it.",0.6
2KAei9id52lOmXjM$MzgA5,IFCBEAM,02 - Floor,,,Unmapped,The bill prices no beam concrete -- there is no beam item in any section. This is scope the model contains and the estimate never priced.,0.0
2KAei9id52lOmXjM$MzgAN,IFCBEAM,02 - Floor,,,Unmapped,The bill prices no beam concrete -- there is no beam item in any section. This is scope the model contains and the estimate never priced.,0.0
2KAei9id52lOmXjM$MzgAY,IFCBEAM,02 - Floor,,,Unmapped,The bill prices no beam concrete -- there is no beam item in any section. This is scope the model contains and the estimate never priced.,0.0
2KAei9id52lOmXjM$MzgLf,IFCBEAM,02 - Floor,,,Unmapped,The bill prices no beam concrete -- there is no beam item in any section. This is scope the model contains and the estimate never priced.,0.0
2UD3D7uxP8kecbbBCRtz20,IFCBEAM,Roof,,,Unmapped,The bill prices no beam concrete -- there is no beam item in any section. This is scope the model contains and the estimate never priced.,0.0
2UD3D7uxP8kecbbBCRtz21,IFCBEAM,Roof,,,Unmapped,The bill prices no beam concrete -- there is no beam item in any section. This is scope the model contains and the estimate never priced.,0.0
2UD3D7uxP8kecbbBCRtz22,IFCBEAM,Roof,,,Unmapped,The bill prices no beam concrete -- there is no beam item in any section. This is scope the model contains and the estimate never priced.,0.0
2UD3D7uxP8kecbbBCRtz23,IFCBEAM,Roof,,,Unmapped,The bill prices no beam concrete -- there is no beam item in any section. This is scope the model contains and the estimate never priced.,0.0
2UD3D7uxP8kecbbBCRtz24,IFCBEAM,Roof,,,Unmapped,The bill prices no beam concrete -- there is no beam item in any section. This is scope the model contains and the estimate never priced.,0.0
2UD3D7uxP8kecbbBCRtz25,IFCBEAM,Roof,,,Unmapped,The bill prices no beam concrete -- there is no beam item in any section. This is scope the model contains and the estimate never priced.,0.0
2UD3D7uxP8kecbbBCRtz26,IFCBEAM,Roof,,,Unmapped,The bill prices no beam concrete -- there is no beam item in any section. This is scope the model contains and the estimate never priced.,0.0
2UD3D7uxP8kecbbBCRtz27,IFCBEAM,Roof,,,Unmapped,The bill prices no beam concrete -- there is no beam item in any section. This is scope the model contains and the estimate never priced.,0.0
2UD3D7uxP8kecbbBCRtz28,IFCBEAM,Roof,,,Unmapped,The bill prices no beam concrete -- there is no beam item in any section. This is scope the model contains and the estimate never priced.,0.0
2UD3D7uxP8kecbbBCRtz29,IFCBEAM,Roof,,,Unmapped,The bill prices no beam concrete -- there is no beam item in any section. This is scope the model contains and the estimate never priced.,0.0
2UD3D7uxP8kecbbBCRtz2A,IFCBEAM,Roof,,,Unmapped,The bill prices no beam concrete -- there is no beam item in any section. This is scope the model contains and the estimate never priced.,0.0
2UD3D7uxP8kecbbBCRtz2B,IFCBEAM,Roof,,,Unmapped,The bill prices no beam concrete -- there is no beam item in any section. This is scope the model contains and the estimate never priced.,0.0
2UD3D7uxP8kecbbBCRtz2C,IFCBEAM,Roof,,,Unmapped,The bill prices no beam concrete -- there is no beam item in any section. This is scope the model contains and the estimate never priced.,0.0
2UD3D7uxP8kecbbBCRtz2D,IFCBEAM,Roof,,,Unmapped,The bill prices no beam concrete -- there is no beam item in any section. This is scope the model contains and the estimate never priced.,0.0
2UD3D7uxP8kecbbBCRtz2E,IFCBEAM,Roof,,,Unmapped,The bill prices no beam concrete -- there is no beam item in any section. This is scope the model contains and the estimate never priced.,0.0
2UD3D7uxP8kecbbBCRtz2F,IFCBEAM,Roof,,,Unmapped,The bill prices no beam concrete -- there is no beam item in any section. This is scope the model contains and the estimate never priced.,0.0
2UD3D7uxP8kecbbBCRtz2G,IFCBEAM,Roof,,,Unmapped,The bill prices no beam concrete -- there is no beam item in any section. This is scope the model contains and the estimate never priced.,0.0
2UD3D7uxP8kecbbBCRtz2H,IFCBEAM,Roof,,,Unmapped,The bill prices no beam concrete -- there is no beam item in any section. This is scope the model contains and the estimate never priced.,0.0
2UD3D7uxP8kecbbBCRtz2I,IFCBEAM,Roof,,,Unmapped,The bill prices no beam concrete -- there is no beam item in any section. This is scope the model contains and the estimate never priced.,0.0
2UD3D7uxP8kecbbBCRtz2J,IFCBEAM,Roof,,,Unmapped,The bill prices no beam concrete -- there is no beam item in any section. This is scope the model contains and the estimate never priced.,0.0
2UD3D7uxP8kecbbBCRtz2K,IFCBEAM,Roof,,,Unmapped,The bill prices no beam concrete -- there is no beam item in any section. This is scope the model contains and the estimate never priced.,0.0
2UD3D7uxP8kecbbBCRtz2L,IFCBEAM,Roof,,,Unmapped,The bill prices no beam concrete -- there is no beam item in any section. This is scope the model contains and the estimate never priced.,0.0
2UD3D7uxP8kecbbBCRtz2M,IFCBEAM,Roof,,,Unmapped,The bill prices no beam concrete -- there is no beam item in any section. This is scope the model contains and the estimate never priced.,0.0
2UD3D7uxP8kecbbBCRtz2N,IFCBEAM,Roof,,,Unmapped,The bill prices no beam concrete -- there is no beam item in any section. This is scope the model contains and the estimate never priced.,0.0
2UD3D7uxP8kecbbBCRtz2O,IFCBEAM,Roof,,,Unmapped,The bill prices no beam concrete -- there is no beam item in any section. This is scope the model contains and the estimate never priced.,0.0
2UD3D7uxP8kecbbBCRtz2P,IFCBEAM,Roof,,,Unmapped,The bill prices no beam concrete -- there is no beam item in any section. This is scope the model contains and the estimate never priced.,0.0
2UD3D7uxP8kecbbBCRtz2Q,IFCBEAM,Roof,,,Unmapped,The bill prices no beam concrete -- there is no beam item in any section. This is scope the model contains and the estimate never priced.,0.0
2UD3D7uxP8kecbbBCRtz2R,IFCBEAM,Roof,,,Unmapped,The bill prices no beam concrete -- there is no beam item in any section. This is scope the model contains and the estimate never priced.,0.0
2UD3D7uxP8kecbbBCRtz2S,IFCBEAM,Roof,,,Unmapped,The bill prices no beam concrete -- there is no beam item in any section. This is scope the model contains and the estimate never priced.,0.0
2UD3D7uxP8kecbbBCRtz2T,IFCBEAM,Roof,,,Unmapped,The bill prices no beam concrete -- there is no beam item in any section. This is scope the model contains and the estimate never priced.,0.0
2UD3D7uxP8kecbbBCRtz2U,IFCBEAM,Roof,,,Unmapped,The bill prices no beam concrete -- there is no beam item in any section. This is scope the model contains and the estimate never priced.,0.0
2UD3D7uxP8kecbbBCRtz2V,IFCBEAM,Roof,,,Unmapped,The bill prices no beam concrete -- there is no beam item in any section. This is scope the model contains and the estimate never priced.,0.0
2UD3D7uxP8kecbbBCRtz2a,IFCBEAM,Roof,,,Unmapped,The bill prices no beam concrete -- there is no beam item in any section. This is scope the model contains and the estimate never priced.,0.0
2UD3D7uxP8kecbbBCRtz2b,IFCBEAM,Roof,,,Unmapped,The bill prices no beam concrete -- there is no beam item in any section. This is scope the model contains and the estimate never priced.,0.0
2UD3D7uxP8kecbbBCRtz2c,IFCBEAM,Roof,,,Unmapped,The bill prices no beam concrete -- there is no beam item in any section. This is scope the model contains and the estimate never priced.,0.0
2UD3D7uxP8kecbbBCRtz2d,IFCBEAM,Roof,,,Unmapped,The bill prices no beam concrete -- there is no beam item in any section. This is scope the model contains and the estimate never priced.,0.0
2UD3D7uxP8kecbbBCRtz2e,IFCBEAM,,,,Unmapped,The bill prices no beam concrete -- there is no beam item in any section. This is scope the model contains and the estimate never priced.,0.0
2UD3D7uxP8kecbbBCRtz2f,IFCBEAM,,,,Unmapped,The bill prices no beam concrete -- there is no beam item in any section. This is scope the model contains and the estimate never priced.,0.0
2UD3D7uxP8kecbbBCRtz2s,IFCBEAM,,,,Unmapped,The bill prices no beam concrete -- there is no beam item in any section. This is scope the model contains and the estimate never priced.,0.0
2UD3D7uxP8kecbbBCRtz2w,IFCBEAM,,,,Unmapped,The bill prices no beam concrete -- there is no beam item in any section. This is scope the model contains and the estimate never priced.,0.0
2UD3D7uxP8kecbbBCRtz2y,IFCBEAM,,,,Unmapped,The bill prices no beam concrete -- there is no beam item in any section. This is scope the model contains and the estimate never priced.,0.0
2UD3D7uxP8kecbbBCRtz2z,IFCBEAM,,,,Unmapped,The bill prices no beam concrete -- there is no beam item in any section. This is scope the model contains and the estimate never priced.,0.0
2UD3D7uxP8kecbbBCRtz30,IFCBEAM,,,,Unmapped,The bill prices no beam concrete -- there is no beam item in any section. This is scope the model contains and the estimate never priced.,0.0
2UD3D7uxP8kecbbBCRtz32,IFCBEAM,,,,Unmapped,The bill prices no beam concrete -- there is no beam item in any section. This is scope the model contains and the estimate never priced.,0.0
2UD3D7uxP8kecbbBCRtz33,IFCBEAM,,,,Unmapped,The bill prices no beam concrete -- there is no beam item in any section. This is scope the model contains and the estimate never priced.,0.0
2UD3D7uxP8kecbbBCRtz3G,IFCBEAM,Roof,,,Unmapped,The bill prices no beam concrete -- there is no beam item in any section. This is scope the model contains and the estimate never priced.,0.0
2UD3D7uxP8kecbbBCRtz3H,IFCBEAM,Roof,,,Unmapped,The bill prices no beam concrete -- there is no beam item in any section. This is scope the model contains and the estimate never priced.,0.0
2UD3D7uxP8kecbbBCRtz3I,IFCBEAM,Roof,,,Unmapped,The bill prices no beam concrete -- there is no beam item in any section. This is scope the model contains and the estimate never priced.,0.0
2UD3D7uxP8kecbbBCRtz3J,IFCBEAM,Roof,,,Unmapped,The bill prices no beam concrete -- there is no beam item in any section. This is scope the model contains and the estimate never priced.,0.0
2UD3D7uxP8kecbbBCRtz3K,IFCBEAM,,,,Unmapped,The bill prices no beam concrete -- there is no beam item in any section. This is scope the model contains and the estimate never priced.,0.0
2UD3D7uxP8kecbbBCRtz3L,IFCBEAM,Roof,,,Unmapped,The bill prices no beam concrete -- there is no beam item in any section. This is scope the model contains and the estimate never priced.,0.0
2UD3D7uxP8kecbbBCRtz3M,IFCBEAM,,,,Unmapped,The bill prices no beam concrete -- there is no beam item in any section. This is scope the model contains and the estimate never priced.,0.0
2UD3D7uxP8kecbbBCRtz3N,IFCBEAM,,,,Unmapped,The bill prices no beam concrete -- there is no beam item in any section. This is scope the model contains and the estimate never priced.,0.0
2UD3D7uxP8kecbbBCRtz3R,IFCSLAB,Roof,2,2.06,Concrete,"Suspended slab concrete, priced per m3 of slab.",0.9
2UD3D7uxP8kecbbBCRtz3R,IFCSLAB,Roof,2,2.11,Formwork,Slab soffit formwork is implied by the slab it forms.,0.9
2UD3D7uxP8kecbbBCRtz3S,IFCBEAM,Roof,,,Unmapped,The bill prices no beam concrete -- there is no beam item in any section. This is scope the model contains and the estimate never priced.,0.0
2UD3D7uxP8kecbbBCRtz3U,IFCBEAM,Roof,,,Unmapped,The bill prices no beam concrete -- there is no beam item in any section. This is scope the model contains and the estimate never priced.,0.0
2UD3D7uxP8kecbbBCRtz3V,IFCBEAM,Roof,,,Unmapped,The bill prices no beam concrete -- there is no beam item in any section. This is scope the model contains and the estimate never priced.,0.0
2UD3D7uxP8kecbbBCRtz3r,IFCCOLUMN,03 - Floor,2,2.04,Concrete,"Column concrete, priced per m3 of column.",0.9
2UD3D7uxP8kecbbBCRtz3r,IFCCOLUMN,03 - Floor,2,2.09,Formwork,Column formwork is implied by the column it forms.,0.9
2UD3D7uxP8kecbbBCRtz8$,IFCBEAM,03 - Floor,,,Unmapped,The bill prices no beam concrete -- there is no beam item in any section. This is scope the model contains and the estimate never priced.,0.0
2UD3D7uxP8kecbbBCRtz80,IFCCOLUMN,02 - Floor,2,2.04,Concrete,"Column concrete, priced per m3 of column.",0.9
2UD3D7uxP8kecbbBCRtz80,IFCCOLUMN,02 - Floor,2,2.09,Formwork,Column formwork is implied by the column it forms.,0.9
2UD3D7uxP8kecbbBCRtz81,IFCCOLUMN,02 - Floor,2,2.04,Concrete,"Column concrete, priced per m3 of column.",0.9
2UD3D7uxP8kecbbBCRtz81,IFCCOLUMN,02 - Floor,2,2.09,Formwork,Column formwork is implied by the column it forms.,0.9
2UD3D7uxP8kecbbBCRtz82,IFCCOLUMN,02 - Floor,2,2.04,Concrete,"Column concrete, priced per m3 of column.",0.9
2UD3D7uxP8kecbbBCRtz82,IFCCOLUMN,02 - Floor,2,2.09,Formwork,Column formwork is implied by the column it forms.,0.9
2UD3D7uxP8kecbbBCRtz83,IFCCOLUMN,02 - Floor,2,2.04,Concrete,"Column concrete, priced per m3 of column.",0.9
2UD3D7uxP8kecbbBCRtz83,IFCCOLUMN,02 - Floor,2,2.09,Formwork,Column formwork is implied by the column it forms.,0.9
2UD3D7uxP8kecbbBCRtz84,IFCCOLUMN,02 - Floor,2,2.04,Concrete,"Column concrete, priced per m3 of column.",0.9
2UD3D7uxP8kecbbBCRtz84,IFCCOLUMN,02 - Floor,2,2.09,Formwork,Column formwork is implied by the column it forms.,0.9
2UD3D7uxP8kecbbBCRtz85,IFCCOLUMN,02 - Floor,2,2.04,Concrete,"Column concrete, priced per m3 of column.",0.9
2UD3D7uxP8kecbbBCRtz85,IFCCOLUMN,02 - Floor,2,2.09,Formwork,Column formwork is implied by the column it forms.,0.9
2UD3D7uxP8kecbbBCRtz86,IFCCOLUMN,02 - Floor,2,2.04,Concrete,"Column concrete, priced per m3 of column.",0.9
2UD3D7uxP8kecbbBCRtz86,IFCCOLUMN,02 - Floor,2,2.09,Formwork,Column formwork is implied by the column it forms.,0.9
2UD3D7uxP8kecbbBCRtz87,IFCCOLUMN,02 - Floor,2,2.04,Concrete,"Column concrete, priced per m3 of column.",0.9
2UD3D7uxP8kecbbBCRtz87,IFCCOLUMN,02 - Floor,2,2.09,Formwork,Column formwork is implied by the column it forms.,0.9
2UD3D7uxP8kecbbBCRtz88,IFCBEAM,03 - Floor,,,Unmapped,The bill prices no beam concrete -- there is no beam item in any section. This is scope the model contains and the estimate never priced.,0.0
2UD3D7uxP8kecbbBCRtz89,IFCBEAM,03 - Floor,,,Unmapped,The bill prices no beam concrete -- there is no beam item in any section. This is scope the model contains and the estimate never priced.,0.0
2UD3D7uxP8kecbbBCRtz8B,IFCBEAM,03 - Floor,,,Unmapped,The bill prices no beam concrete -- there is no beam item in any section. This is scope the model contains and the estimate never priced.,0.0
2UD3D7uxP8kecbbBCRtz8E,IFCCOLUMN,02 - Floor,2,2.04,Concrete,"Column concrete, priced per m3 of column.",0.9
2UD3D7uxP8kecbbBCRtz8E,IFCCOLUMN,02 - Floor,2,2.09,Formwork,Column formwork is implied by the column it forms.,0.9
2UD3D7uxP8kecbbBCRtz8G,IFCBEAM,03 - Floor,,,Unmapped,The bill prices no beam concrete -- there is no beam item in any section. This is scope the model contains and the estimate never priced.,0.0
2UD3D7uxP8kecbbBCRtz8H,IFCBEAM,03 - Floor,,,Unmapped,The bill prices no beam concrete -- there is no beam item in any section. This is scope the model contains and the estimate never priced.,0.0
2UD3D7uxP8kecbbBCRtz8I,IFCBEAM,03 - Floor,,,Unmapped,The bill prices no beam concrete -- there is no beam item in any section. This is scope the model contains and the estimate never priced.,0.0
2UD3D7uxP8kecbbBCRtz8J,IFCBEAM,03 - Floor,,,Unmapped,The bill prices no beam concrete -- there is no beam item in any section. This is scope the model contains and the estimate never priced.,0.0
2UD3D7uxP8kecbbBCRtz8K,IFCBEAM,03 - Floor,,,Unmapped,The bill prices no beam concrete -- there is no beam item in any section. This is scope the model contains and the estimate never priced.,0.0
2UD3D7uxP8kecbbBCRtz8L,IFCBEAM,03 - Floor,,,Unmapped,The bill prices no beam concrete -- there is no beam item in any section. This is scope the model contains and the estimate never priced.,0.0
2UD3D7uxP8kecbbBCRtz8M,IFCBEAM,03 - Floor,,,Unmapped,The bill prices no beam concrete -- there is no beam item in any section. This is scope the model contains and the estimate never priced.,0.0
2UD3D7uxP8kecbbBCRtz8N,IFCBEAM,03 - Floor,,,Unmapped,The bill prices no beam concrete -- there is no beam item in any section. This is scope the model contains and the estimate never priced.,0.0
2UD3D7uxP8kecbbBCRtz8O,IFCBEAM,03 - Floor,,,Unmapped,The bill prices no beam concrete -- there is no beam item in any section. This is scope the model contains and the estimate never priced.,0.0
2UD3D7uxP8kecbbBCRtz8P,IFCBEAM,03 - Floor,,,Unmapped,The bill prices no beam concrete -- there is no beam item in any section. This is scope the model contains and the estimate never priced.,0.0
2UD3D7uxP8kecbbBCRtz8Q,IFCBEAM,03 - Floor,,,Unmapped,The bill prices no beam concrete -- there is no beam item in any section. This is scope the model contains and the estimate never priced.,0.0
2UD3D7uxP8kecbbBCRtz8R,IFCBEAM,03 - Floor,,,Unmapped,The bill prices no beam concrete -- there is no beam item in any section. This is scope the model contains and the estimate never priced.,0.0
2UD3D7uxP8kecbbBCRtz8S,IFCBEAM,03 - Floor,,,Unmapped,The bill prices no beam concrete -- there is no beam item in any section. This is scope the model contains and the estimate never priced.,0.0
2UD3D7uxP8kecbbBCRtz8T,IFCBEAM,03 - Floor,,,Unmapped,The bill prices no beam concrete -- there is no beam item in any section. This is scope the model contains and the estimate never priced.,0.0
2UD3D7uxP8kecbbBCRtz8U,IFCBEAM,03 - Floor,,,Unmapped,The bill prices no beam concrete -- there is no beam item in any section. This is scope the model contains and the estimate never priced.,0.0
2UD3D7uxP8kecbbBCRtz8V,IFCBEAM,03 - Floor,,,Unmapped,The bill prices no beam concrete -- there is no beam item in any section. This is scope the model contains and the estimate never priced.,0.0
2UD3D7uxP8kecbbBCRtz8W,IFCBEAM,03 - Floor,,,Unmapped,The bill prices no beam concrete -- there is no beam item in any section. This is scope the model contains and the estimate never priced.,0.0
2UD3D7uxP8kecbbBCRtz8X,IFCBEAM,03 - Floor,,,Unmapped,The bill prices no beam concrete -- there is no beam item in any section. This is scope the model contains and the estimate never priced.,0.0
2UD3D7uxP8kecbbBCRtz8Y,IFCBEAM,03 - Floor,,,Unmapped,The bill prices no beam concrete -- there is no beam item in any section. This is scope the model contains and the estimate never priced.,0.0
2UD3D7uxP8kecbbBCRtz8Z,IFCBEAM,03 - Floor,,,Unmapped,The bill prices no beam concrete -- there is no beam item in any section. This is scope the model contains and the estimate never priced.,0.0
2UD3D7uxP8kecbbBCRtz8_,IFCBEAM,03 - Floor,,,Unmapped,The bill prices no beam concrete -- there is no beam item in any section. This is scope the model contains and the estimate never priced.,0.0
2UD3D7uxP8kecbbBCRtz8a,IFCBEAM,03 - Floor,,,Unmapped,The bill prices no beam concrete -- there is no beam item in any section. This is scope the model contains and the estimate never priced.,0.0
2UD3D7uxP8kecbbBCRtz8b,IFCBEAM,03 - Floor,,,Unmapped,The bill prices no beam concrete -- there is no beam item in any section. This is scope the model contains and the estimate never priced.,0.0
2UD3D7uxP8kecbbBCRtz8c,IFCBEAM,03 - Floor,,,Unmapped,The bill prices no beam concrete -- there is no beam item in any section. This is scope the model contains and the estimate never priced.,0.0
2UD3D7uxP8kecbbBCRtz8d,IFCBEAM,03 - Floor,,,Unmapped,The bill prices no beam concrete -- there is no beam item in any section. This is scope the model contains and the estimate never priced.,0.0
2UD3D7uxP8kecbbBCRtz8e,IFCBEAM,03 - Floor,,,Unmapped,The bill prices no beam concrete -- there is no beam item in any section. This is scope the model contains and the estimate never priced.,0.0
2UD3D7uxP8kecbbBCRtz8f,IFCBEAM,03 - Floor,,,Unmapped,The bill prices no beam concrete -- there is no beam item in any section. This is scope the model contains and the estimate never priced.,0.0
2UD3D7uxP8kecbbBCRtz8g,IFCBEAM,03 - Floor,,,Unmapped,The bill prices no beam concrete -- there is no beam item in any section. This is scope the model contains and the estimate never priced.,0.0
2UD3D7uxP8kecbbBCRtz8h,IFCBEAM,03 - Floor,,,Unmapped,The bill prices no beam concrete -- there is no beam item in any section. This is scope the model contains and the estimate never priced.,0.0
2UD3D7uxP8kecbbBCRtz8i,IFCBEAM,03 - Floor,,,Unmapped,The bill prices no beam concrete -- there is no beam item in any section. This is scope the model contains and the estimate never priced.,0.0
2UD3D7uxP8kecbbBCRtz8j,IFCBEAM,03 - Floor,,,Unmapped,The bill prices no beam concrete -- there is no beam item in any section. This is scope the model contains and the estimate never priced.,0.0
2UD3D7uxP8kecbbBCRtz8k,IFCBEAM,03 - Floor,,,Unmapped,The bill prices no beam concrete -- there is no beam item in any section. This is scope the model contains and the estimate never priced.,0.0
2UD3D7uxP8kecbbBCRtz8l,IFCBEAM,03 - Floor,,,Unmapped,The bill prices no beam concrete -- there is no beam item in any section. This is scope the model contains and the estimate never priced.,0.0
2UD3D7uxP8kecbbBCRtz8m,IFCBEAM,03 - Floor,,,Unmapped,The bill prices no beam concrete -- there is no beam item in any section. This is scope the model contains and the estimate never priced.,0.0
2UD3D7uxP8kecbbBCRtz8n,IFCBEAM,03 - Floor,,,Unmapped,The bill prices no beam concrete -- there is no beam item in any section. This is scope the model contains and the estimate never priced.,0.0
2UD3D7uxP8kecbbBCRtz8o,IFCBEAM,03 - Floor,,,Unmapped,The bill prices no beam concrete -- there is no beam item in any section. This is scope the model contains and the estimate never priced.,0.0
2UD3D7uxP8kecbbBCRtz8p,IFCBEAM,03 - Floor,,,Unmapped,The bill prices no beam concrete -- there is no beam item in any section. This is scope the model contains and the estimate never priced.,0.0
2UD3D7uxP8kecbbBCRtz8q,IFCBEAM,03 - Floor,,,Unmapped,The bill prices no beam concrete -- there is no beam item in any section. This is scope the model contains and the estimate never priced.,0.0
2UD3D7uxP8kecbbBCRtz8r,IFCBEAM,03 - Floor,,,Unmapped,The bill prices no beam concrete -- there is no beam item in any section. This is scope the model contains and the estimate never priced.,0.0
2UD3D7uxP8kecbbBCRtz8s,IFCBEAM,03 - Floor,,,Unmapped,The bill prices no beam concrete -- there is no beam item in any section. This is scope the model contains and the estimate never priced.,0.0
2UD3D7uxP8kecbbBCRtz8t,IFCBEAM,03 - Floor,,,Unmapped,The bill prices no beam concrete -- there is no beam item in any section. This is scope the model contains and the estimate never priced.,0.0
2UD3D7uxP8kecbbBCRtz8u,IFCBEAM,03 - Floor,,,Unmapped,The bill prices no beam concrete -- there is no beam item in any section. This is scope the model contains and the estimate never priced.,0.0
2UD3D7uxP8kecbbBCRtz8v,IFCBEAM,03 - Floor,,,Unmapped,The bill prices no beam concrete -- there is no beam item in any section. This is scope the model contains and the estimate never priced.,0.0
2UD3D7uxP8kecbbBCRtz8w,IFCBEAM,03 - Floor,,,Unmapped,The bill prices no beam concrete -- there is no beam item in any section. This is scope the model contains and the estimate never priced.,0.0
2UD3D7uxP8kecbbBCRtz8x,IFCBEAM,03 - Floor,,,Unmapped,The bill prices no beam concrete -- there is no beam item in any section. This is scope the model contains and the estimate never priced.,0.0
2UD3D7uxP8kecbbBCRtz8y,IFCBEAM,03 - Floor,,,Unmapped,The bill prices no beam concrete -- there is no beam item in any section. This is scope the model contains and the estimate never priced.,0.0
2UD3D7uxP8kecbbBCRtz8z,IFCBEAM,03 - Floor,,,Unmapped,The bill prices no beam concrete -- there is no beam item in any section. This is scope the model contains and the estimate never priced.,0.0
2UD3D7uxP8kecbbBCRtz90,IFCBEAM,03 - Floor,,,Unmapped,The bill prices no beam concrete -- there is no beam item in any section. This is scope the model contains and the estimate never priced.,0.0
2UD3D7uxP8kecbbBCRtz91,IFCBEAM,03 - Floor,,,Unmapped,The bill prices no beam concrete -- there is no beam item in any section. This is scope the model contains and the estimate never priced.,0.0
2UD3D7uxP8kecbbBCRtz92,IFCBEAM,03 - Floor,,,Unmapped,The bill prices no beam concrete -- there is no beam item in any section. This is scope the model contains and the estimate never priced.,0.0
2UD3D7uxP8kecbbBCRtz93,IFCBEAM,03 - Floor,,,Unmapped,The bill prices no beam concrete -- there is no beam item in any section. This is scope the model contains and the estimate never priced.,0.0
2UD3D7uxP8kecbbBCRtz94,IFCBEAM,03 - Floor,,,Unmapped,The bill prices no beam concrete -- there is no beam item in any section. This is scope the model contains and the estimate never priced.,0.0
2UD3D7uxP8kecbbBCRtz95,IFCBEAM,03 - Floor,,,Unmapped,The bill prices no beam concrete -- there is no beam item in any section. This is scope the model contains and the estimate never priced.,0.0
2UD3D7uxP8kecbbBCRtz96,IFCBEAM,03 - Floor,,,Unmapped,The bill prices no beam concrete -- there is no beam item in any section. This is scope the model contains and the estimate never priced.,0.0
2UD3D7uxP8kecbbBCRtz97,IFCBEAM,03 - Floor,,,Unmapped,The bill prices no beam concrete -- there is no beam item in any section. This is scope the model contains and the estimate never priced.,0.0
2UD3D7uxP8kecbbBCRtz98,IFCBEAM,03 - Floor,,,Unmapped,The bill prices no beam concrete -- there is no beam item in any section. This is scope the model contains and the estimate never priced.,0.0
2UD3D7uxP8kecbbBCRtz99,IFCBEAM,03 - Floor,,,Unmapped,The bill prices no beam concrete -- there is no beam item in any section. This is scope the model contains and the estimate never priced.,0.0
2UD3D7uxP8kecbbBCRtz9A,IFCBEAM,03 - Floor,,,Unmapped,The bill prices no beam concrete -- there is no beam item in any section. This is scope the model contains and the estimate never priced.,0.0
2UD3D7uxP8kecbbBCRtz9B,IFCBEAM,03 - Floor,,,Unmapped,The bill prices no beam concrete -- there is no beam item in any section. This is scope the model contains and the estimate never priced.,0.0
2UD3D7uxP8kecbbBCRtz9C,IFCBEAM,03 - Floor,,,Unmapped,The bill prices no beam concrete -- there is no beam item in any section. This is scope the model contains and the estimate never priced.,0.0
2UD3D7uxP8kecbbBCRtz9D,IFCBEAM,03 - Floor,,,Unmapped,The bill prices no beam concrete -- there is no beam item in any section. This is scope the model contains and the estimate never priced.,0.0
2UD3D7uxP8kecbbBCRtz9E,IFCBEAM,03 - Floor,,,Unmapped,The bill prices no beam concrete -- there is no beam item in any section. This is scope the model contains and the estimate never priced.,0.0
2UD3D7uxP8kecbbBCRtz9F,IFCBEAM,03 - Floor,,,Unmapped,The bill prices no beam concrete -- there is no beam item in any section. This is scope the model contains and the estimate never priced.,0.0
2UD3D7uxP8kecbbBCRtz9G,IFCBEAM,03 - Floor,,,Unmapped,The bill prices no beam concrete -- there is no beam item in any section. This is scope the model contains and the estimate never priced.,0.0
2UD3D7uxP8kecbbBCRtz9H,IFCBEAM,03 - Floor,,,Unmapped,The bill prices no beam concrete -- there is no beam item in any section. This is scope the model contains and the estimate never priced.,0.0
2UD3D7uxP8kecbbBCRtz9I,IFCBEAM,03 - Floor,,,Unmapped,The bill prices no beam concrete -- there is no beam item in any section. This is scope the model contains and the estimate never priced.,0.0
2UD3D7uxP8kecbbBCRtz9J,IFCBEAM,03 - Floor,,,Unmapped,The bill prices no beam concrete -- there is no beam item in any section. This is scope the model contains and the estimate never priced.,0.0
2UD3D7uxP8kecbbBCRtz9K,IFCBEAM,03 - Floor,,,Unmapped,The bill prices no beam concrete -- there is no beam item in any section. This is scope the model contains and the estimate never priced.,0.0
2UD3D7uxP8kecbbBCRtz9L,IFCBEAM,03 - Floor,,,Unmapped,The bill prices no beam concrete -- there is no beam item in any section. This is scope the model contains and the estimate never priced.,0.0
2UD3D7uxP8kecbbBCRtz9M,IFCBEAM,03 - Floor,,,Unmapped,The bill prices no beam concrete -- there is no beam item in any section. This is scope the model contains and the estimate never priced.,0.0
2UD3D7uxP8kecbbBCRtz9N,IFCBEAM,03 - Floor,,,Unmapped,The bill prices no beam concrete -- there is no beam item in any section. This is scope the model contains and the estimate never priced.,0.0
2UD3D7uxP8kecbbBCRtz9O,IFCBEAM,03 - Floor,,,Unmapped,The bill prices no beam concrete -- there is no beam item in any section. This is scope the model contains and the estimate never priced.,0.0
2UD3D7uxP8kecbbBCRtz9P,IFCBEAM,03 - Floor,,,Unmapped,The bill prices no beam concrete -- there is no beam item in any section. This is scope the model contains and the estimate never priced.,0.0
2UD3D7uxP8kecbbBCRtz9Q,IFCBEAM,03 - Floor,,,Unmapped,The bill prices no beam concrete -- there is no beam item in any section. This is scope the model contains and the estimate never priced.,0.0
2UD3D7uxP8kecbbBCRtz9R,IFCBEAM,03 - Floor,,,Unmapped,The bill prices no beam concrete -- there is no beam item in any section. This is scope the model contains and the estimate never priced.,0.0
2UD3D7uxP8kecbbBCRtz9S,IFCBEAM,03 - Floor,,,Unmapped,The bill prices no beam concrete -- there is no beam item in any section. This is scope the model contains and the estimate never priced.,0.0
2UD3D7uxP8kecbbBCRtz9T,IFCBEAM,03 - Floor,,,Unmapped,The bill prices no beam concrete -- there is no beam item in any section. This is scope the model contains and the estimate never priced.,0.0
2UD3D7uxP8kecbbBCRtz9U,IFCBEAM,03 - Floor,,,Unmapped,The bill prices no beam concrete -- there is no beam item in any section. This is scope the model contains and the estimate never priced.,0.0
2UD3D7uxP8kecbbBCRtz9V,IFCBEAM,03 - Floor,,,Unmapped,The bill prices no beam concrete -- there is no beam item in any section. This is scope the model contains and the estimate never priced.,0.0
2UD3D7uxP8kecbbBCRtz9W,IFCBEAM,03 - Floor,,,Unmapped,The bill prices no beam concrete -- there is no beam item in any section. This is scope the model contains and the estimate never priced.,0.0
2UD3D7uxP8kecbbBCRtz9X,IFCBEAM,03 - Floor,,,Unmapped,The bill prices no beam concrete -- there is no beam item in any section. This is scope the model contains and the estimate never priced.,0.0
2UD3D7uxP8kecbbBCRtz9Y,IFCBEAM,03 - Floor,,,Unmapped,The bill prices no beam concrete -- there is no beam item in any section. This is scope the model contains and the estimate never priced.,0.0
2UD3D7uxP8kecbbBCRtz9Z,IFCBEAM,03 - Floor,,,Unmapped,The bill prices no beam concrete -- there is no beam item in any section. This is scope the model contains and the estimate never priced.,0.0
2UD3D7uxP8kecbbBCRtz9a,IFCBEAM,03 - Floor,,,Unmapped,The bill prices no beam concrete -- there is no beam item in any section. This is scope the model contains and the estimate never priced.,0.0
2UD3D7uxP8kecbbBCRtz9b,IFCBEAM,03 - Floor,,,Unmapped,The bill prices no beam concrete -- there is no beam item in any section. This is scope the model contains and the estimate never priced.,0.0
2UD3D7uxP8kecbbBCRtz9c,IFCBEAM,03 - Floor,,,Unmapped,The bill prices no beam concrete -- there is no beam item in any section. This is scope the model contains and the estimate never priced.,0.0
2UD3D7uxP8kecbbBCRtz9d,IFCBEAM,03 - Floor,,,Unmapped,The bill prices no beam concrete -- there is no beam item in any section. This is scope the model contains and the estimate never priced.,0.0
2UD3D7uxP8kecbbBCRtz9e,IFCBEAM,03 - Floor,,,Unmapped,The bill prices no beam concrete -- there is no beam item in any section. This is scope the model contains and the estimate never priced.,0.0
2UD3D7uxP8kecbbBCRtz9f,IFCBEAM,03 - Floor,,,Unmapped,The bill prices no beam concrete -- there is no beam item in any section. This is scope the model contains and the estimate never priced.,0.0
2UD3D7uxP8kecbbBCRtz9g,IFCBEAM,03 - Floor,,,Unmapped,The bill prices no beam concrete -- there is no beam item in any section. This is scope the model contains and the estimate never priced.,0.0
2UD3D7uxP8kecbbBCRtz9h,IFCBEAM,03 - Floor,,,Unmapped,The bill prices no beam concrete -- there is no beam item in any section. This is scope the model contains and the estimate never priced.,0.0
2UD3D7uxP8kecbbBCRtz9i,IFCBEAM,03 - Floor,,,Unmapped,The bill prices no beam concrete -- there is no beam item in any section. This is scope the model contains and the estimate never priced.,0.0
2UD3D7uxP8kecbbBCRtz9j,IFCBEAM,03 - Floor,,,Unmapped,The bill prices no beam concrete -- there is no beam item in any section. This is scope the model contains and the estimate never priced.,0.0
2UD3D7uxP8kecbbBCRtz9k,IFCBEAM,03 - Floor,,,Unmapped,The bill prices no beam concrete -- there is no beam item in any section. This is scope the model contains and the estimate never priced.,0.0
2UD3D7uxP8kecbbBCRtz9l,IFCBEAM,03 - Floor,,,Unmapped,The bill prices no beam concrete -- there is no beam item in any section. This is scope the model contains and the estimate never priced.,0.0
2UD3D7uxP8kecbbBCRtz9w,IFCBEAM,,,,Unmapped,The bill prices no beam concrete -- there is no beam item in any section. This is scope the model contains and the estimate never priced.,0.0
2UD3D7uxP8kecbbBCRtz9y,IFCBEAM,,,,Unmapped,The bill prices no beam concrete -- there is no beam item in any section. This is scope the model contains and the estimate never priced.,0.0
2UD3D7uxP8kecbbBCRtz9z,IFCBEAM,,,,Unmapped,The bill prices no beam concrete -- there is no beam item in any section. This is scope the model contains and the estimate never priced.,0.0
2UD3D7uxP8kecbbBCRtzB$,IFCCOLUMN,02 - Floor,2,2.04,Concrete,"Column concrete, priced per m3 of column.",0.9
2UD3D7uxP8kecbbBCRtzB$,IFCCOLUMN,02 - Floor,2,2.09,Formwork,Column formwork is implied by the column it forms.,0.9
2UD3D7uxP8kecbbBCRtzB8,IFCCOLUMN,02 - Floor,2,2.04,Concrete,"Column concrete, priced per m3 of column.",0.9
2UD3D7uxP8kecbbBCRtzB8,IFCCOLUMN,02 - Floor,2,2.09,Formwork,Column formwork is implied by the column it forms.,0.9
2UD3D7uxP8kecbbBCRtzB9,IFCCOLUMN,02 - Floor,2,2.04,Concrete,"Column concrete, priced per m3 of column.",0.9
2UD3D7uxP8kecbbBCRtzB9,IFCCOLUMN,02 - Floor,2,2.09,Formwork,Column formwork is implied by the column it forms.,0.9
2UD3D7uxP8kecbbBCRtzBA,IFCCOLUMN,02 - Floor,2,2.04,Concrete,"Column concrete, priced per m3 of column.",0.9
2UD3D7uxP8kecbbBCRtzBA,IFCCOLUMN,02 - Floor,2,2.09,Formwork,Column formwork is implied by the column it forms.,0.9
2UD3D7uxP8kecbbBCRtzBB,IFCCOLUMN,02 - Floor,2,2.04,Concrete,"Column concrete, priced per m3 of column.",0.9
2UD3D7uxP8kecbbBCRtzBB,IFCCOLUMN,02 - Floor,2,2.09,Formwork,Column formwork is implied by the column it forms.,0.9
2UD3D7uxP8kecbbBCRtzBD,IFCCOLUMN,02 - Floor,2,2.04,Concrete,"Column concrete, priced per m3 of column.",0.9
2UD3D7uxP8kecbbBCRtzBD,IFCCOLUMN,02 - Floor,2,2.09,Formwork,Column formwork is implied by the column it forms.,0.9
2UD3D7uxP8kecbbBCRtzBG,IFCCOLUMN,02 - Floor,2,2.04,Concrete,"Column concrete, priced per m3 of column.",0.9
2UD3D7uxP8kecbbBCRtzBG,IFCCOLUMN,02 - Floor,2,2.09,Formwork,Column formwork is implied by the column it forms.,0.9
2UD3D7uxP8kecbbBCRtzBH,IFCCOLUMN,02 - Floor,2,2.04,Concrete,"Column concrete, priced per m3 of column.",0.9
2UD3D7uxP8kecbbBCRtzBH,IFCCOLUMN,02 - Floor,2,2.09,Formwork,Column formwork is implied by the column it forms.,0.9
2UD3D7uxP8kecbbBCRtzBI,IFCCOLUMN,02 - Floor,2,2.04,Concrete,"Column concrete, priced per m3 of column.",0.9
2UD3D7uxP8kecbbBCRtzBI,IFCCOLUMN,02 - Floor,2,2.09,Formwork,Column formwork is implied by the column it forms.,0.9
2UD3D7uxP8kecbbBCRtzBJ,IFCCOLUMN,02 - Floor,2,2.04,Concrete,"Column concrete, priced per m3 of column.",0.9
2UD3D7uxP8kecbbBCRtzBJ,IFCCOLUMN,02 - Floor,2,2.09,Formwork,Column formwork is implied by the column it forms.,0.9
2UD3D7uxP8kecbbBCRtzBK,IFCCOLUMN,02 - Floor,2,2.04,Concrete,"Column concrete, priced per m3 of column.",0.9
2UD3D7uxP8kecbbBCRtzBK,IFCCOLUMN,02 - Floor,2,2.09,Formwork,Column formwork is implied by the column it forms.,0.9
2UD3D7uxP8kecbbBCRtzBL,IFCCOLUMN,02 - Floor,2,2.04,Concrete,"Column concrete, priced per m3 of column.",0.9
2UD3D7uxP8kecbbBCRtzBL,IFCCOLUMN,02 - Floor,2,2.09,Formwork,Column formwork is implied by the column it forms.,0.9
2UD3D7uxP8kecbbBCRtzBM,IFCCOLUMN,02 - Floor,2,2.04,Concrete,"Column concrete, priced per m3 of column.",0.9
2UD3D7uxP8kecbbBCRtzBM,IFCCOLUMN,02 - Floor,2,2.09,Formwork,Column formwork is implied by the column it forms.,0.9
2UD3D7uxP8kecbbBCRtzBN,IFCCOLUMN,02 - Floor,2,2.04,Concrete,"Column concrete, priced per m3 of column.",0.9
2UD3D7uxP8kecbbBCRtzBN,IFCCOLUMN,02 - Floor,2,2.09,Formwork,Column formwork is implied by the column it forms.,0.9
2UD3D7uxP8kecbbBCRtzBO,IFCCOLUMN,02 - Floor,2,2.04,Concrete,"Column concrete, priced per m3 of column.",0.9
2UD3D7uxP8kecbbBCRtzBO,IFCCOLUMN,02 - Floor,2,2.09,Formwork,Column formwork is implied by the column it forms.,0.9
2UD3D7uxP8kecbbBCRtzBP,IFCCOLUMN,02 - Floor,2,2.04,Concrete,"Column concrete, priced per m3 of column.",0.9
2UD3D7uxP8kecbbBCRtzBP,IFCCOLUMN,02 - Floor,2,2.09,Formwork,Column formwork is implied by the column it forms.,0.9
2UD3D7uxP8kecbbBCRtzBQ,IFCCOLUMN,02 - Floor,2,2.04,Concrete,"Column concrete, priced per m3 of column.",0.9
2UD3D7uxP8kecbbBCRtzBQ,IFCCOLUMN,02 - Floor,2,2.09,Formwork,Column formwork is implied by the column it forms.,0.9
2UD3D7uxP8kecbbBCRtzBR,IFCCOLUMN,02 - Floor,2,2.04,Concrete,"Column concrete, priced per m3 of column.",0.9
2UD3D7uxP8kecbbBCRtzBR,IFCCOLUMN,02 - Floor,2,2.09,Formwork,Column formwork is implied by the column it forms.,0.9
2UD3D7uxP8kecbbBCRtzBS,IFCCOLUMN,02 - Floor,2,2.04,Concrete,"Column concrete, priced per m3 of column.",0.9
2UD3D7uxP8kecbbBCRtzBS,IFCCOLUMN,02 - Floor,2,2.09,Formwork,Column formwork is implied by the column it forms.,0.9
2UD3D7uxP8kecbbBCRtzBT,IFCCOLUMN,02 - Floor,2,2.04,Concrete,"Column concrete, priced per m3 of column.",0.9
2UD3D7uxP8kecbbBCRtzBT,IFCCOLUMN,02 - Floor,2,2.09,Formwork,Column formwork is implied by the column it forms.,0.9
2UD3D7uxP8kecbbBCRtzBU,IFCCOLUMN,02 - Floor,2,2.04,Concrete,"Column concrete, priced per m3 of column.",0.9
2UD3D7uxP8kecbbBCRtzBU,IFCCOLUMN,02 - Floor,2,2.09,Formwork,Column formwork is implied by the column it forms.,0.9
2UD3D7uxP8kecbbBCRtzBV,IFCCOLUMN,02 - Floor,2,2.04,Concrete,"Column concrete, priced per m3 of column.",0.9
2UD3D7uxP8kecbbBCRtzBV,IFCCOLUMN,02 - Floor,2,2.09,Formwork,Column formwork is implied by the column it forms.,0.9
2UD3D7uxP8kecbbBCRtzBW,IFCCOLUMN,02 - Floor,2,2.04,Concrete,"Column concrete, priced per m3 of column.",0.9
2UD3D7uxP8kecbbBCRtzBW,IFCCOLUMN,02 - Floor,2,2.09,Formwork,Column formwork is implied by the column it forms.,0.9
2UD3D7uxP8kecbbBCRtzBX,IFCCOLUMN,02 - Floor,2,2.04,Concrete,"Column concrete, priced per m3 of column.",0.9
2UD3D7uxP8kecbbBCRtzBX,IFCCOLUMN,02 - Floor,2,2.09,Formwork,Column formwork is implied by the column it forms.,0.9
2UD3D7uxP8kecbbBCRtzBY,IFCCOLUMN,02 - Floor,2,2.04,Concrete,"Column concrete, priced per m3 of column.",0.9
2UD3D7uxP8kecbbBCRtzBY,IFCCOLUMN,02 - Floor,2,2.09,Formwork,Column formwork is implied by the column it forms.,0.9
2UD3D7uxP8kecbbBCRtzBZ,IFCCOLUMN,02 - Floor,2,2.04,Concrete,"Column concrete, priced per m3 of column.",0.9
2UD3D7uxP8kecbbBCRtzBZ,IFCCOLUMN,02 - Floor,2,2.09,Formwork,Column formwork is implied by the column it forms.,0.9
2UD3D7uxP8kecbbBCRtzB_,IFCCOLUMN,02 - Floor,2,2.04,Concrete,"Column concrete, priced per m3 of column.",0.9
2UD3D7uxP8kecbbBCRtzB_,IFCCOLUMN,02 - Floor,2,2.09,Formwork,Column formwork is implied by the column it forms.,0.9
2UD3D7uxP8kecbbBCRtzBa,IFCCOLUMN,02 - Floor,2,2.04,Concrete,"Column concrete, priced per m3 of column.",0.9
2UD3D7uxP8kecbbBCRtzBa,IFCCOLUMN,02 - Floor,2,2.09,Formwork,Column formwork is implied by the column it forms.,0.9
2UD3D7uxP8kecbbBCRtzBb,IFCCOLUMN,02 - Floor,2,2.04,Concrete,"Column concrete, priced per m3 of column.",0.9
2UD3D7uxP8kecbbBCRtzBb,IFCCOLUMN,02 - Floor,2,2.09,Formwork,Column formwork is implied by the column it forms.,0.9
2UD3D7uxP8kecbbBCRtzBc,IFCCOLUMN,02 - Floor,2,2.04,Concrete,"Column concrete, priced per m3 of column.",0.9
2UD3D7uxP8kecbbBCRtzBc,IFCCOLUMN,02 - Floor,2,2.09,Formwork,Column formwork is implied by the column it forms.,0.9
2UD3D7uxP8kecbbBCRtzBd,IFCCOLUMN,02 - Floor,2,2.04,Concrete,"Column concrete, priced per m3 of column.",0.9
2UD3D7uxP8kecbbBCRtzBd,IFCCOLUMN,02 - Floor,2,2.09,Formwork,Column formwork is implied by the column it forms.,0.9
2UD3D7uxP8kecbbBCRtzBe,IFCCOLUMN,02 - Floor,2,2.04,Concrete,"Column concrete, priced per m3 of column.",0.9
2UD3D7uxP8kecbbBCRtzBe,IFCCOLUMN,02 - Floor,2,2.09,Formwork,Column formwork is implied by the column it forms.,0.9
2UD3D7uxP8kecbbBCRtzBf,IFCCOLUMN,02 - Floor,2,2.04,Concrete,"Column concrete, priced per m3 of column.",0.9
2UD3D7uxP8kecbbBCRtzBf,IFCCOLUMN,02 - Floor,2,2.09,Formwork,Column formwork is implied by the column it forms.,0.9
2UD3D7uxP8kecbbBCRtzBg,IFCCOLUMN,02 - Floor,2,2.04,Concrete,"Column concrete, priced per m3 of column.",0.9
2UD3D7uxP8kecbbBCRtzBg,IFCCOLUMN,02 - Floor,2,2.09,Formwork,Column formwork is implied by the column it forms.,0.9
2UD3D7uxP8kecbbBCRtzBh,IFCCOLUMN,02 - Floor,2,2.04,Concrete,"Column concrete, priced per m3 of column.",0.9
2UD3D7uxP8kecbbBCRtzBh,IFCCOLUMN,02 - Floor,2,2.09,Formwork,Column formwork is implied by the column it forms.,0.9
2UD3D7uxP8kecbbBCRtzBi,IFCCOLUMN,02 - Floor,2,2.04,Concrete,"Column concrete, priced per m3 of column.",0.9
2UD3D7uxP8kecbbBCRtzBi,IFCCOLUMN,02 - Floor,2,2.09,Formwork,Column formwork is implied by the column it forms.,0.9
2UD3D7uxP8kecbbBCRtzBj,IFCCOLUMN,02 - Floor,2,2.04,Concrete,"Column concrete, priced per m3 of column.",0.9
2UD3D7uxP8kecbbBCRtzBj,IFCCOLUMN,02 - Floor,2,2.09,Formwork,Column formwork is implied by the column it forms.,0.9
2UD3D7uxP8kecbbBCRtzBk,IFCCOLUMN,02 - Floor,2,2.04,Concrete,"Column concrete, priced per m3 of column.",0.9
2UD3D7uxP8kecbbBCRtzBk,IFCCOLUMN,02 - Floor,2,2.09,Formwork,Column formwork is implied by the column it forms.,0.9
2UD3D7uxP8kecbbBCRtzBl,IFCCOLUMN,02 - Floor,2,2.04,Concrete,"Column concrete, priced per m3 of column.",0.9
2UD3D7uxP8kecbbBCRtzBl,IFCCOLUMN,02 - Floor,2,2.09,Formwork,Column formwork is implied by the column it forms.,0.9
2UD3D7uxP8kecbbBCRtzBm,IFCCOLUMN,02 - Floor,2,2.04,Concrete,"Column concrete, priced per m3 of column.",0.9
2UD3D7uxP8kecbbBCRtzBm,IFCCOLUMN,02 - Floor,2,2.09,Formwork,Column formwork is implied by the column it forms.,0.9
2UD3D7uxP8kecbbBCRtzBn,IFCCOLUMN,02 - Floor,2,2.04,Concrete,"Column concrete, priced per m3 of column.",0.9
2UD3D7uxP8kecbbBCRtzBn,IFCCOLUMN,02 - Floor,2,2.09,Formwork,Column formwork is implied by the column it forms.,0.9
2UD3D7uxP8kecbbBCRtzBo,IFCCOLUMN,02 - Floor,2,2.04,Concrete,"Column concrete, priced per m3 of column.",0.9
2UD3D7uxP8kecbbBCRtzBo,IFCCOLUMN,02 - Floor,2,2.09,Formwork,Column formwork is implied by the column it forms.,0.9
2UD3D7uxP8kecbbBCRtzBp,IFCCOLUMN,02 - Floor,2,2.04,Concrete,"Column concrete, priced per m3 of column.",0.9
2UD3D7uxP8kecbbBCRtzBp,IFCCOLUMN,02 - Floor,2,2.09,Formwork,Column formwork is implied by the column it forms.,0.9
2UD3D7uxP8kecbbBCRtzBq,IFCCOLUMN,02 - Floor,2,2.04,Concrete,"Column concrete, priced per m3 of column.",0.9
2UD3D7uxP8kecbbBCRtzBq,IFCCOLUMN,02 - Floor,2,2.09,Formwork,Column formwork is implied by the column it forms.,0.9
2UD3D7uxP8kecbbBCRtzBr,IFCCOLUMN,02 - Floor,2,2.04,Concrete,"Column concrete, priced per m3 of column.",0.9
2UD3D7uxP8kecbbBCRtzBr,IFCCOLUMN,02 - Floor,2,2.09,Formwork,Column formwork is implied by the column it forms.,0.9
2UD3D7uxP8kecbbBCRtzBs,IFCCOLUMN,02 - Floor,2,2.04,Concrete,"Column concrete, priced per m3 of column.",0.9
2UD3D7uxP8kecbbBCRtzBs,IFCCOLUMN,02 - Floor,2,2.09,Formwork,Column formwork is implied by the column it forms.,0.9
2UD3D7uxP8kecbbBCRtzBt,IFCCOLUMN,02 - Floor,2,2.04,Concrete,"Column concrete, priced per m3 of column.",0.9
2UD3D7uxP8kecbbBCRtzBt,IFCCOLUMN,02 - Floor,2,2.09,Formwork,Column formwork is implied by the column it forms.,0.9
2UD3D7uxP8kecbbBCRtzBu,IFCCOLUMN,02 - Floor,2,2.04,Concrete,"Column concrete, priced per m3 of column.",0.9
2UD3D7uxP8kecbbBCRtzBu,IFCCOLUMN,02 - Floor,2,2.09,Formwork,Column formwork is implied by the column it forms.,0.9
2UD3D7uxP8kecbbBCRtzBv,IFCCOLUMN,02 - Floor,2,2.04,Concrete,"Column concrete, priced per m3 of column.",0.9
2UD3D7uxP8kecbbBCRtzBv,IFCCOLUMN,02 - Floor,2,2.09,Formwork,Column formwork is implied by the column it forms.,0.9
2UD3D7uxP8kecbbBCRtzBw,IFCCOLUMN,02 - Floor,2,2.04,Concrete,"Column concrete, priced per m3 of column.",0.9
2UD3D7uxP8kecbbBCRtzBw,IFCCOLUMN,02 - Floor,2,2.09,Formwork,Column formwork is implied by the column it forms.,0.9
2UD3D7uxP8kecbbBCRtzBx,IFCCOLUMN,02 - Floor,2,2.04,Concrete,"Column concrete, priced per m3 of column.",0.9
2UD3D7uxP8kecbbBCRtzBx,IFCCOLUMN,02 - Floor,2,2.09,Formwork,Column formwork is implied by the column it forms.,0.9
2UD3D7uxP8kecbbBCRtzBy,IFCCOLUMN,02 - Floor,2,2.04,Concrete,"Column concrete, priced per m3 of column.",0.9
2UD3D7uxP8kecbbBCRtzBy,IFCCOLUMN,02 - Floor,2,2.09,Formwork,Column formwork is implied by the column it forms.,0.9
2UD3D7uxP8kecbbBCRtzBz,IFCCOLUMN,02 - Floor,2,2.04,Concrete,"Column concrete, priced per m3 of column.",0.9
2UD3D7uxP8kecbbBCRtzBz,IFCCOLUMN,02 - Floor,2,2.09,Formwork,Column formwork is implied by the column it forms.,0.9
2UD3D7uxP8kecbbBCRtzC$,IFCCOLUMN,03 - Floor,2,2.04,Concrete,"Column concrete, priced per m3 of column.",0.9
2UD3D7uxP8kecbbBCRtzC$,IFCCOLUMN,03 - Floor,2,2.09,Formwork,Column formwork is implied by the column it forms.,0.9
2UD3D7uxP8kecbbBCRtzC0,IFCCOLUMN,03 - Floor,2,2.04,Concrete,"Column concrete, priced per m3 of column.",0.9
2UD3D7uxP8kecbbBCRtzC0,IFCCOLUMN,03 - Floor,2,2.09,Formwork,Column formwork is implied by the column it forms.,0.9
2UD3D7uxP8kecbbBCRtzC1,IFCCOLUMN,03 - Floor,2,2.04,Concrete,"Column concrete, priced per m3 of column.",0.9
2UD3D7uxP8kecbbBCRtzC1,IFCCOLUMN,03 - Floor,2,2.09,Formwork,Column formwork is implied by the column it forms.,0.9
2UD3D7uxP8kecbbBCRtzC2,IFCCOLUMN,03 - Floor,2,2.04,Concrete,"Column concrete, priced per m3 of column.",0.9
2UD3D7uxP8kecbbBCRtzC2,IFCCOLUMN,03 - Floor,2,2.09,Formwork,Column formwork is implied by the column it forms.,0.9
2UD3D7uxP8kecbbBCRtzC3,IFCCOLUMN,03 - Floor,2,2.04,Concrete,"Column concrete, priced per m3 of column.",0.9
2UD3D7uxP8kecbbBCRtzC3,IFCCOLUMN,03 - Floor,2,2.09,Formwork,Column formwork is implied by the column it forms.,0.9
2UD3D7uxP8kecbbBCRtzC4,IFCCOLUMN,03 - Floor,2,2.04,Concrete,"Column concrete, priced per m3 of column.",0.9
2UD3D7uxP8kecbbBCRtzC4,IFCCOLUMN,03 - Floor,2,2.09,Formwork,Column formwork is implied by the column it forms.,0.9
2UD3D7uxP8kecbbBCRtzC5,IFCCOLUMN,03 - Floor,2,2.04,Concrete,"Column concrete, priced per m3 of column.",0.9
2UD3D7uxP8kecbbBCRtzC5,IFCCOLUMN,03 - Floor,2,2.09,Formwork,Column formwork is implied by the column it forms.,0.9
2UD3D7uxP8kecbbBCRtzC6,IFCCOLUMN,03 - Floor,2,2.04,Concrete,"Column concrete, priced per m3 of column.",0.9
2UD3D7uxP8kecbbBCRtzC6,IFCCOLUMN,03 - Floor,2,2.09,Formwork,Column formwork is implied by the column it forms.,0.9
2UD3D7uxP8kecbbBCRtzC7,IFCCOLUMN,03 - Floor,2,2.04,Concrete,"Column concrete, priced per m3 of column.",0.9
2UD3D7uxP8kecbbBCRtzC7,IFCCOLUMN,03 - Floor,2,2.09,Formwork,Column formwork is implied by the column it forms.,0.9
2UD3D7uxP8kecbbBCRtzC8,IFCCOLUMN,03 - Floor,2,2.04,Concrete,"Column concrete, priced per m3 of column.",0.9
2UD3D7uxP8kecbbBCRtzC8,IFCCOLUMN,03 - Floor,2,2.09,Formwork,Column formwork is implied by the column it forms.,0.9
2UD3D7uxP8kecbbBCRtzC9,IFCCOLUMN,03 - Floor,2,2.04,Concrete,"Column concrete, priced per m3 of column.",0.9
2UD3D7uxP8kecbbBCRtzC9,IFCCOLUMN,03 - Floor,2,2.09,Formwork,Column formwork is implied by the column it forms.,0.9
2UD3D7uxP8kecbbBCRtzCA,IFCCOLUMN,03 - Floor,2,2.04,Concrete,"Column concrete, priced per m3 of column.",0.9
2UD3D7uxP8kecbbBCRtzCA,IFCCOLUMN,03 - Floor,2,2.09,Formwork,Column formwork is implied by the column it forms.,0.9
2UD3D7uxP8kecbbBCRtzCB,IFCCOLUMN,03 - Floor,2,2.04,Concrete,"Column concrete, priced per m3 of column.",0.9
2UD3D7uxP8kecbbBCRtzCB,IFCCOLUMN,03 - Floor,2,2.09,Formwork,Column formwork is implied by the column it forms.,0.9
2UD3D7uxP8kecbbBCRtzCC,IFCCOLUMN,03 - Floor,2,2.04,Concrete,"Column concrete, priced per m3 of column.",0.9
2UD3D7uxP8kecbbBCRtzCC,IFCCOLUMN,03 - Floor,2,2.09,Formwork,Column formwork is implied by the column it forms.,0.9
2UD3D7uxP8kecbbBCRtzCD,IFCCOLUMN,03 - Floor,2,2.04,Concrete,"Column concrete, priced per m3 of column.",0.9
2UD3D7uxP8kecbbBCRtzCD,IFCCOLUMN,03 - Floor,2,2.09,Formwork,Column formwork is implied by the column it forms.,0.9
2UD3D7uxP8kecbbBCRtzCE,IFCCOLUMN,03 - Floor,2,2.04,Concrete,"Column concrete, priced per m3 of column.",0.9
2UD3D7uxP8kecbbBCRtzCE,IFCCOLUMN,03 - Floor,2,2.09,Formwork,Column formwork is implied by the column it forms.,0.9
2UD3D7uxP8kecbbBCRtzCF,IFCCOLUMN,03 - Floor,2,2.04,Concrete,"Column concrete, priced per m3 of column.",0.9
2UD3D7uxP8kecbbBCRtzCF,IFCCOLUMN,03 - Floor,2,2.09,Formwork,Column formwork is implied by the column it forms.,0.9
2UD3D7uxP8kecbbBCRtzCG,IFCCOLUMN,03 - Floor,2,2.04,Concrete,"Column concrete, priced per m3 of column.",0.9
2UD3D7uxP8kecbbBCRtzCG,IFCCOLUMN,03 - Floor,2,2.09,Formwork,Column formwork is implied by the column it forms.,0.9
2UD3D7uxP8kecbbBCRtzCH,IFCCOLUMN,03 - Floor,2,2.04,Concrete,"Column concrete, priced per m3 of column.",0.9
2UD3D7uxP8kecbbBCRtzCH,IFCCOLUMN,03 - Floor,2,2.09,Formwork,Column formwork is implied by the column it forms.,0.9
2UD3D7uxP8kecbbBCRtzCI,IFCCOLUMN,03 - Floor,2,2.04,Concrete,"Column concrete, priced per m3 of column.",0.9
2UD3D7uxP8kecbbBCRtzCI,IFCCOLUMN,03 - Floor,2,2.09,Formwork,Column formwork is implied by the column it forms.,0.9
2UD3D7uxP8kecbbBCRtzCJ,IFCCOLUMN,03 - Floor,2,2.04,Concrete,"Column concrete, priced per m3 of column.",0.9
2UD3D7uxP8kecbbBCRtzCJ,IFCCOLUMN,03 - Floor,2,2.09,Formwork,Column formwork is implied by the column it forms.,0.9
2UD3D7uxP8kecbbBCRtzCK,IFCCOLUMN,03 - Floor,2,2.04,Concrete,"Column concrete, priced per m3 of column.",0.9
2UD3D7uxP8kecbbBCRtzCK,IFCCOLUMN,03 - Floor,2,2.09,Formwork,Column formwork is implied by the column it forms.,0.9
2UD3D7uxP8kecbbBCRtzCL,IFCCOLUMN,03 - Floor,2,2.04,Concrete,"Column concrete, priced per m3 of column.",0.9
2UD3D7uxP8kecbbBCRtzCL,IFCCOLUMN,03 - Floor,2,2.09,Formwork,Column formwork is implied by the column it forms.,0.9
2UD3D7uxP8kecbbBCRtzCM,IFCCOLUMN,03 - Floor,2,2.04,Concrete,"Column concrete, priced per m3 of column.",0.9
2UD3D7uxP8kecbbBCRtzCM,IFCCOLUMN,03 - Floor,2,2.09,Formwork,Column formwork is implied by the column it forms.,0.9
2UD3D7uxP8kecbbBCRtzCN,IFCCOLUMN,03 - Floor,2,2.04,Concrete,"Column concrete, priced per m3 of column.",0.9
2UD3D7uxP8kecbbBCRtzCN,IFCCOLUMN,03 - Floor,2,2.09,Formwork,Column formwork is implied by the column it forms.,0.9
2UD3D7uxP8kecbbBCRtzCO,IFCCOLUMN,03 - Floor,2,2.04,Concrete,"Column concrete, priced per m3 of column.",0.9
2UD3D7uxP8kecbbBCRtzCO,IFCCOLUMN,03 - Floor,2,2.09,Formwork,Column formwork is implied by the column it forms.,0.9
2UD3D7uxP8kecbbBCRtzCP,IFCCOLUMN,03 - Floor,2,2.04,Concrete,"Column concrete, priced per m3 of column.",0.9
2UD3D7uxP8kecbbBCRtzCP,IFCCOLUMN,03 - Floor,2,2.09,Formwork,Column formwork is implied by the column it forms.,0.9
2UD3D7uxP8kecbbBCRtzCQ,IFCCOLUMN,03 - Floor,2,2.04,Concrete,"Column concrete, priced per m3 of column.",0.9
2UD3D7uxP8kecbbBCRtzCQ,IFCCOLUMN,03 - Floor,2,2.09,Formwork,Column formwork is implied by the column it forms.,0.9
2UD3D7uxP8kecbbBCRtzCR,IFCCOLUMN,03 - Floor,2,2.04,Concrete,"Column concrete, priced per m3 of column.",0.9
2UD3D7uxP8kecbbBCRtzCR,IFCCOLUMN,03 - Floor,2,2.09,Formwork,Column formwork is implied by the column it forms.,0.9
2UD3D7uxP8kecbbBCRtzCS,IFCCOLUMN,03 - Floor,2,2.04,Concrete,"Column concrete, priced per m3 of column.",0.9
2UD3D7uxP8kecbbBCRtzCS,IFCCOLUMN,03 - Floor,2,2.09,Formwork,Column formwork is implied by the column it forms.,0.9
2UD3D7uxP8kecbbBCRtzCT,IFCCOLUMN,03 - Floor,2,2.04,Concrete,"Column concrete, priced per m3 of column.",0.9
2UD3D7uxP8kecbbBCRtzCT,IFCCOLUMN,03 - Floor,2,2.09,Formwork,Column formwork is implied by the column it forms.,0.9
2UD3D7uxP8kecbbBCRtzCU,IFCCOLUMN,03 - Floor,2,2.04,Concrete,"Column concrete, priced per m3 of column.",0.9
2UD3D7uxP8kecbbBCRtzCU,IFCCOLUMN,03 - Floor,2,2.09,Formwork,Column formwork is implied by the column it forms.,0.9
2UD3D7uxP8kecbbBCRtzCV,IFCCOLUMN,03 - Floor,2,2.04,Concrete,"Column concrete, priced per m3 of column.",0.9
2UD3D7uxP8kecbbBCRtzCV,IFCCOLUMN,03 - Floor,2,2.09,Formwork,Column formwork is implied by the column it forms.,0.9
2UD3D7uxP8kecbbBCRtzCW,IFCCOLUMN,03 - Floor,2,2.04,Concrete,"Column concrete, priced per m3 of column.",0.9
2UD3D7uxP8kecbbBCRtzCW,IFCCOLUMN,03 - Floor,2,2.09,Formwork,Column formwork is implied by the column it forms.,0.9
2UD3D7uxP8kecbbBCRtzCX,IFCCOLUMN,03 - Floor,2,2.04,Concrete,"Column concrete, priced per m3 of column.",0.9
2UD3D7uxP8kecbbBCRtzCX,IFCCOLUMN,03 - Floor,2,2.09,Formwork,Column formwork is implied by the column it forms.,0.9
2UD3D7uxP8kecbbBCRtzCY,IFCCOLUMN,03 - Floor,2,2.04,Concrete,"Column concrete, priced per m3 of column.",0.9
2UD3D7uxP8kecbbBCRtzCY,IFCCOLUMN,03 - Floor,2,2.09,Formwork,Column formwork is implied by the column it forms.,0.9
2UD3D7uxP8kecbbBCRtzCZ,IFCCOLUMN,03 - Floor,2,2.04,Concrete,"Column concrete, priced per m3 of column.",0.9
2UD3D7uxP8kecbbBCRtzCZ,IFCCOLUMN,03 - Floor,2,2.09,Formwork,Column formwork is implied by the column it forms.,0.9
2UD3D7uxP8kecbbBCRtzC_,IFCCOLUMN,03 - Floor,2,2.04,Concrete,"Column concrete, priced per m3 of column.",0.9
2UD3D7uxP8kecbbBCRtzC_,IFCCOLUMN,03 - Floor,2,2.09,Formwork,Column formwork is implied by the column it forms.,0.9
2UD3D7uxP8kecbbBCRtzCa,IFCCOLUMN,03 - Floor,2,2.04,Concrete,"Column concrete, priced per m3 of column.",0.9
2UD3D7uxP8kecbbBCRtzCa,IFCCOLUMN,03 - Floor,2,2.09,Formwork,Column formwork is implied by the column it forms.,0.9
2UD3D7uxP8kecbbBCRtzCb,IFCCOLUMN,03 - Floor,2,2.04,Concrete,"Column concrete, priced per m3 of column.",0.9
2UD3D7uxP8kecbbBCRtzCb,IFCCOLUMN,03 - Floor,2,2.09,Formwork,Column formwork is implied by the column it forms.,0.9
2UD3D7uxP8kecbbBCRtzCc,IFCCOLUMN,03 - Floor,2,2.04,Concrete,"Column concrete, priced per m3 of column.",0.9
2UD3D7uxP8kecbbBCRtzCc,IFCCOLUMN,03 - Floor,2,2.09,Formwork,Column formwork is implied by the column it forms.,0.9
2UD3D7uxP8kecbbBCRtzCd,IFCCOLUMN,03 - Floor,2,2.04,Concrete,"Column concrete, priced per m3 of column.",0.9
2UD3D7uxP8kecbbBCRtzCd,IFCCOLUMN,03 - Floor,2,2.09,Formwork,Column formwork is implied by the column it forms.,0.9
2UD3D7uxP8kecbbBCRtzCe,IFCCOLUMN,03 - Floor,2,2.04,Concrete,"Column concrete, priced per m3 of column.",0.9
2UD3D7uxP8kecbbBCRtzCe,IFCCOLUMN,03 - Floor,2,2.09,Formwork,Column formwork is implied by the column it forms.,0.9
2UD3D7uxP8kecbbBCRtzCf,IFCCOLUMN,03 - Floor,2,2.04,Concrete,"Column concrete, priced per m3 of column.",0.9
2UD3D7uxP8kecbbBCRtzCf,IFCCOLUMN,03 - Floor,2,2.09,Formwork,Column formwork is implied by the column it forms.,0.9
2UD3D7uxP8kecbbBCRtzCg,IFCCOLUMN,03 - Floor,2,2.04,Concrete,"Column concrete, priced per m3 of column.",0.9
2UD3D7uxP8kecbbBCRtzCg,IFCCOLUMN,03 - Floor,2,2.09,Formwork,Column formwork is implied by the column it forms.,0.9
2UD3D7uxP8kecbbBCRtzCh,IFCCOLUMN,03 - Floor,2,2.04,Concrete,"Column concrete, priced per m3 of column.",0.9
2UD3D7uxP8kecbbBCRtzCh,IFCCOLUMN,03 - Floor,2,2.09,Formwork,Column formwork is implied by the column it forms.,0.9
2UD3D7uxP8kecbbBCRtzCi,IFCCOLUMN,03 - Floor,2,2.04,Concrete,"Column concrete, priced per m3 of column.",0.9
2UD3D7uxP8kecbbBCRtzCi,IFCCOLUMN,03 - Floor,2,2.09,Formwork,Column formwork is implied by the column it forms.,0.9
2UD3D7uxP8kecbbBCRtzCj,IFCCOLUMN,03 - Floor,2,2.04,Concrete,"Column concrete, priced per m3 of column.",0.9
2UD3D7uxP8kecbbBCRtzCj,IFCCOLUMN,03 - Floor,2,2.09,Formwork,Column formwork is implied by the column it forms.,0.9
2UD3D7uxP8kecbbBCRtzCk,IFCCOLUMN,03 - Floor,2,2.04,Concrete,"Column concrete, priced per m3 of column.",0.9
2UD3D7uxP8kecbbBCRtzCk,IFCCOLUMN,03 - Floor,2,2.09,Formwork,Column formwork is implied by the column it forms.,0.9
2UD3D7uxP8kecbbBCRtzCl,IFCCOLUMN,03 - Floor,2,2.04,Concrete,"Column concrete, priced per m3 of column.",0.9
2UD3D7uxP8kecbbBCRtzCl,IFCCOLUMN,03 - Floor,2,2.09,Formwork,Column formwork is implied by the column it forms.,0.9
2UD3D7uxP8kecbbBCRtzCm,IFCCOLUMN,03 - Floor,2,2.04,Concrete,"Column concrete, priced per m3 of column.",0.9
2UD3D7uxP8kecbbBCRtzCm,IFCCOLUMN,03 - Floor,2,2.09,Formwork,Column formwork is implied by the column it forms.,0.9
2UD3D7uxP8kecbbBCRtzCn,IFCCOLUMN,03 - Floor,2,2.04,Concrete,"Column concrete, priced per m3 of column.",0.9
2UD3D7uxP8kecbbBCRtzCn,IFCCOLUMN,03 - Floor,2,2.09,Formwork,Column formwork is implied by the column it forms.,0.9
2UD3D7uxP8kecbbBCRtzCo,IFCCOLUMN,03 - Floor,2,2.04,Concrete,"Column concrete, priced per m3 of column.",0.9
2UD3D7uxP8kecbbBCRtzCo,IFCCOLUMN,03 - Floor,2,2.09,Formwork,Column formwork is implied by the column it forms.,0.9
2UD3D7uxP8kecbbBCRtzCp,IFCCOLUMN,03 - Floor,2,2.04,Concrete,"Column concrete, priced per m3 of column.",0.9
2UD3D7uxP8kecbbBCRtzCp,IFCCOLUMN,03 - Floor,2,2.09,Formwork,Column formwork is implied by the column it forms.,0.9
2UD3D7uxP8kecbbBCRtzCq,IFCCOLUMN,03 - Floor,2,2.04,Concrete,"Column concrete, priced per m3 of column.",0.9
2UD3D7uxP8kecbbBCRtzCq,IFCCOLUMN,03 - Floor,2,2.09,Formwork,Column formwork is implied by the column it forms.,0.9
2UD3D7uxP8kecbbBCRtzCr,IFCCOLUMN,03 - Floor,2,2.04,Concrete,"Column concrete, priced per m3 of column.",0.9
2UD3D7uxP8kecbbBCRtzCr,IFCCOLUMN,03 - Floor,2,2.09,Formwork,Column formwork is implied by the column it forms.,0.9
2UD3D7uxP8kecbbBCRtzCs,IFCCOLUMN,03 - Floor,2,2.04,Concrete,"Column concrete, priced per m3 of column.",0.9
2UD3D7uxP8kecbbBCRtzCs,IFCCOLUMN,03 - Floor,2,2.09,Formwork,Column formwork is implied by the column it forms.,0.9
2UD3D7uxP8kecbbBCRtzCt,IFCCOLUMN,03 - Floor,2,2.04,Concrete,"Column concrete, priced per m3 of column.",0.9
2UD3D7uxP8kecbbBCRtzCt,IFCCOLUMN,03 - Floor,2,2.09,Formwork,Column formwork is implied by the column it forms.,0.9
2UD3D7uxP8kecbbBCRtzCw,IFCCOLUMN,03 - Floor,2,2.04,Concrete,"Column concrete, priced per m3 of column.",0.9
2UD3D7uxP8kecbbBCRtzCw,IFCCOLUMN,03 - Floor,2,2.09,Formwork,Column formwork is implied by the column it forms.,0.9
2UD3D7uxP8kecbbBCRtzCy,IFCCOLUMN,03 - Floor,2,2.04,Concrete,"Column concrete, priced per m3 of column.",0.9
2UD3D7uxP8kecbbBCRtzCy,IFCCOLUMN,03 - Floor,2,2.09,Formwork,Column formwork is implied by the column it forms.,0.9
2UD3D7uxP8kecbbBCRtzCz,IFCCOLUMN,03 - Floor,2,2.04,Concrete,"Column concrete, priced per m3 of column.",0.9
2UD3D7uxP8kecbbBCRtzCz,IFCCOLUMN,03 - Floor,2,2.09,Formwork,Column formwork is implied by the column it forms.,0.9
2UD3D7uxP8kecbbBCRtzD$,IFCBEAM,Roof,,,Unmapped,The bill prices no beam concrete -- there is no beam item in any section. This is scope the model contains and the estimate never priced.,0.0
2UD3D7uxP8kecbbBCRtzD0,IFCBEAM,Roof,,,Unmapped,The bill prices no beam concrete -- there is no beam item in any section. This is scope the model contains and the estimate never priced.,0.0
2UD3D7uxP8kecbbBCRtzD1,IFCBEAM,Roof,,,Unmapped,The bill prices no beam concrete -- there is no beam item in any section. This is scope the model contains and the estimate never priced.,0.0
2UD3D7uxP8kecbbBCRtzD2,IFCBEAM,Roof,,,Unmapped,The bill prices no beam concrete -- there is no beam item in any section. This is scope the model contains and the estimate never priced.,0.0
2UD3D7uxP8kecbbBCRtzD3,IFCBEAM,Roof,,,Unmapped,The bill prices no beam concrete -- there is no beam item in any section. This is scope the model contains and the estimate never priced.,0.0
2UD3D7uxP8kecbbBCRtzD4,IFCBEAM,Roof,,,Unmapped,The bill prices no beam concrete -- there is no beam item in any section. This is scope the model contains and the estimate never priced.,0.0
2UD3D7uxP8kecbbBCRtzD5,IFCBEAM,Roof,,,Unmapped,The bill prices no beam concrete -- there is no beam item in any section. This is scope the model contains and the estimate never priced.,0.0
2UD3D7uxP8kecbbBCRtzD7,IFCBEAM,Roof,,,Unmapped,The bill prices no beam concrete -- there is no beam item in any section. This is scope the model contains and the estimate never priced.,0.0
2UD3D7uxP8kecbbBCRtzD8,IFCBEAM,Roof,,,Unmapped,The bill prices no beam concrete -- there is no beam item in any section. This is scope the model contains and the estimate never priced.,0.0
2UD3D7uxP8kecbbBCRtzD9,IFCBEAM,Roof,,,Unmapped,The bill prices no beam concrete -- there is no beam item in any section. This is scope the model contains and the estimate never priced.,0.0
2UD3D7uxP8kecbbBCRtzDA,IFCBEAM,Roof,,,Unmapped,The bill prices no beam concrete -- there is no beam item in any section. This is scope the model contains and the estimate never priced.,0.0
2UD3D7uxP8kecbbBCRtzDB,IFCBEAM,Roof,,,Unmapped,The bill prices no beam concrete -- there is no beam item in any section. This is scope the model contains and the estimate never priced.,0.0
2UD3D7uxP8kecbbBCRtzDC,IFCBEAM,Roof,,,Unmapped,The bill prices no beam concrete -- there is no beam item in any section. This is scope the model contains and the estimate never priced.,0.0
2UD3D7uxP8kecbbBCRtzDD,IFCBEAM,Roof,,,Unmapped,The bill prices no beam concrete -- there is no beam item in any section. This is scope the model contains and the estimate never priced.,0.0
2UD3D7uxP8kecbbBCRtzDE,IFCBEAM,Roof,,,Unmapped,The bill prices no beam concrete -- there is no beam item in any section. This is scope the model contains and the estimate never priced.,0.0
2UD3D7uxP8kecbbBCRtzDF,IFCBEAM,Roof,,,Unmapped,The bill prices no beam concrete -- there is no beam item in any section. This is scope the model contains and the estimate never priced.,0.0
2UD3D7uxP8kecbbBCRtzDG,IFCBEAM,Roof,,,Unmapped,The bill prices no beam concrete -- there is no beam item in any section. This is scope the model contains and the estimate never priced.,0.0
2UD3D7uxP8kecbbBCRtzDH,IFCBEAM,Roof,,,Unmapped,The bill prices no beam concrete -- there is no beam item in any section. This is scope the model contains and the estimate never priced.,0.0
2UD3D7uxP8kecbbBCRtzDI,IFCBEAM,Roof,,,Unmapped,The bill prices no beam concrete -- there is no beam item in any section. This is scope the model contains and the estimate never priced.,0.0
2UD3D7uxP8kecbbBCRtzDJ,IFCBEAM,Roof,,,Unmapped,The bill prices no beam concrete -- there is no beam item in any section. This is scope the model contains and the estimate never priced.,0.0
2UD3D7uxP8kecbbBCRtzDK,IFCBEAM,Roof,,,Unmapped,The bill prices no beam concrete -- there is no beam item in any section. This is scope the model contains and the estimate never priced.,0.0
2UD3D7uxP8kecbbBCRtzDL,IFCBEAM,Roof,,,Unmapped,The bill prices no beam concrete -- there is no beam item in any section. This is scope the model contains and the estimate never priced.,0.0
2UD3D7uxP8kecbbBCRtzDM,IFCBEAM,Roof,,,Unmapped,The bill prices no beam concrete -- there is no beam item in any section. This is scope the model contains and the estimate never priced.,0.0
2UD3D7uxP8kecbbBCRtzDN,IFCBEAM,Roof,,,Unmapped,The bill prices no beam concrete -- there is no beam item in any section. This is scope the model contains and the estimate never priced.,0.0
2UD3D7uxP8kecbbBCRtzDO,IFCBEAM,Roof,,,Unmapped,The bill prices no beam concrete -- there is no beam item in any section. This is scope the model contains and the estimate never priced.,0.0
2UD3D7uxP8kecbbBCRtzDP,IFCBEAM,Roof,,,Unmapped,The bill prices no beam concrete -- there is no beam item in any section. This is scope the model contains and the estimate never priced.,0.0
2UD3D7uxP8kecbbBCRtzDQ,IFCBEAM,Roof,,,Unmapped,The bill prices no beam concrete -- there is no beam item in any section. This is scope the model contains and the estimate never priced.,0.0
2UD3D7uxP8kecbbBCRtzDR,IFCBEAM,Roof,,,Unmapped,The bill prices no beam concrete -- there is no beam item in any section. This is scope the model contains and the estimate never priced.,0.0
2UD3D7uxP8kecbbBCRtzDS,IFCBEAM,Roof,,,Unmapped,The bill prices no beam concrete -- there is no beam item in any section. This is scope the model contains and the estimate never priced.,0.0
2UD3D7uxP8kecbbBCRtzDT,IFCBEAM,Roof,,,Unmapped,The bill prices no beam concrete -- there is no beam item in any section. This is scope the model contains and the estimate never priced.,0.0
2UD3D7uxP8kecbbBCRtzDU,IFCBEAM,Roof,,,Unmapped,The bill prices no beam concrete -- there is no beam item in any section. This is scope the model contains and the estimate never priced.,0.0
2UD3D7uxP8kecbbBCRtzDV,IFCBEAM,Roof,,,Unmapped,The bill prices no beam concrete -- there is no beam item in any section. This is scope the model contains and the estimate never priced.,0.0
2UD3D7uxP8kecbbBCRtzDW,IFCBEAM,Roof,,,Unmapped,The bill prices no beam concrete -- there is no beam item in any section. This is scope the model contains and the estimate never priced.,0.0
2UD3D7uxP8kecbbBCRtzDX,IFCBEAM,Roof,,,Unmapped,The bill prices no beam concrete -- there is no beam item in any section. This is scope the model contains and the estimate never priced.,0.0
2UD3D7uxP8kecbbBCRtzDY,IFCBEAM,Roof,,,Unmapped,The bill prices no beam concrete -- there is no beam item in any section. This is scope the model contains and the estimate never priced.,0.0
2UD3D7uxP8kecbbBCRtzDZ,IFCBEAM,Roof,,,Unmapped,The bill prices no beam concrete -- there is no beam item in any section. This is scope the model contains and the estimate never priced.,0.0
2UD3D7uxP8kecbbBCRtzD_,IFCBEAM,Roof,,,Unmapped,The bill prices no beam concrete -- there is no beam item in any section. This is scope the model contains and the estimate never priced.,0.0
2UD3D7uxP8kecbbBCRtzDa,IFCBEAM,Roof,,,Unmapped,The bill prices no beam concrete -- there is no beam item in any section. This is scope the model contains and the estimate never priced.,0.0
2UD3D7uxP8kecbbBCRtzDb,IFCBEAM,Roof,,,Unmapped,The bill prices no beam concrete -- there is no beam item in any section. This is scope the model contains and the estimate never priced.,0.0
2UD3D7uxP8kecbbBCRtzDc,IFCBEAM,Roof,,,Unmapped,The bill prices no beam concrete -- there is no beam item in any section. This is scope the model contains and the estimate never priced.,0.0
2UD3D7uxP8kecbbBCRtzDd,IFCBEAM,Roof,,,Unmapped,The bill prices no beam concrete -- there is no beam item in any section. This is scope the model contains and the estimate never priced.,0.0
2UD3D7uxP8kecbbBCRtzDe,IFCBEAM,Roof,,,Unmapped,The bill prices no beam concrete -- there is no beam item in any section. This is scope the model contains and the estimate never priced.,0.0
2UD3D7uxP8kecbbBCRtzDf,IFCBEAM,Roof,,,Unmapped,The bill prices no beam concrete -- there is no beam item in any section. This is scope the model contains and the estimate never priced.,0.0
2UD3D7uxP8kecbbBCRtzDg,IFCBEAM,Roof,,,Unmapped,The bill prices no beam concrete -- there is no beam item in any section. This is scope the model contains and the estimate never priced.,0.0
2UD3D7uxP8kecbbBCRtzDh,IFCBEAM,Roof,,,Unmapped,The bill prices no beam concrete -- there is no beam item in any section. This is scope the model contains and the estimate never priced.,0.0
2UD3D7uxP8kecbbBCRtzDi,IFCBEAM,Roof,,,Unmapped,The bill prices no beam concrete -- there is no beam item in any section. This is scope the model contains and the estimate never priced.,0.0
2UD3D7uxP8kecbbBCRtzDj,IFCBEAM,Roof,,,Unmapped,The bill prices no beam concrete -- there is no beam item in any section. This is scope the model contains and the estimate never priced.,0.0
2UD3D7uxP8kecbbBCRtzDk,IFCBEAM,Roof,,,Unmapped,The bill prices no beam concrete -- there is no beam item in any section. This is scope the model contains and the estimate never priced.,0.0
2UD3D7uxP8kecbbBCRtzDl,IFCBEAM,Roof,,,Unmapped,The bill prices no beam concrete -- there is no beam item in any section. This is scope the model contains and the estimate never priced.,0.0
2UD3D7uxP8kecbbBCRtzDm,IFCBEAM,Roof,,,Unmapped,The bill prices no beam concrete -- there is no beam item in any section. This is scope the model contains and the estimate never priced.,0.0
2UD3D7uxP8kecbbBCRtzDn,IFCBEAM,Roof,,,Unmapped,The bill prices no beam concrete -- there is no beam item in any section. This is scope the model contains and the estimate never priced.,0.0
2UD3D7uxP8kecbbBCRtzDo,IFCBEAM,Roof,,,Unmapped,The bill prices no beam concrete -- there is no beam item in any section. This is scope the model contains and the estimate never priced.,0.0
2UD3D7uxP8kecbbBCRtzDp,IFCBEAM,Roof,,,Unmapped,The bill prices no beam concrete -- there is no beam item in any section. This is scope the model contains and the estimate never priced.,0.0
2UD3D7uxP8kecbbBCRtzDq,IFCBEAM,Roof,,,Unmapped,The bill prices no beam concrete -- there is no beam item in any section. This is scope the model contains and the estimate never priced.,0.0
2UD3D7uxP8kecbbBCRtzDr,IFCBEAM,Roof,,,Unmapped,The bill prices no beam concrete -- there is no beam item in any section. This is scope the model contains and the estimate never priced.,0.0
2UD3D7uxP8kecbbBCRtzDs,IFCBEAM,Roof,,,Unmapped,The bill prices no beam concrete -- there is no beam item in any section. This is scope the model contains and the estimate never priced.,0.0
2UD3D7uxP8kecbbBCRtzDt,IFCBEAM,Roof,,,Unmapped,The bill prices no beam concrete -- there is no beam item in any section. This is scope the model contains and the estimate never priced.,0.0
2UD3D7uxP8kecbbBCRtzDu,IFCBEAM,Roof,,,Unmapped,The bill prices no beam concrete -- there is no beam item in any section. This is scope the model contains and the estimate never priced.,0.0
2UD3D7uxP8kecbbBCRtzDv,IFCBEAM,Roof,,,Unmapped,The bill prices no beam concrete -- there is no beam item in any section. This is scope the model contains and the estimate never priced.,0.0
2UD3D7uxP8kecbbBCRtzDw,IFCBEAM,Roof,,,Unmapped,The bill prices no beam concrete -- there is no beam item in any section. This is scope the model contains and the estimate never priced.,0.0
2UD3D7uxP8kecbbBCRtzDx,IFCBEAM,Roof,,,Unmapped,The bill prices no beam concrete -- there is no beam item in any section. This is scope the model contains and the estimate never priced.,0.0
2UD3D7uxP8kecbbBCRtzDy,IFCBEAM,Roof,,,Unmapped,The bill prices no beam concrete -- there is no beam item in any section. This is scope the model contains and the estimate never priced.,0.0
2UD3D7uxP8kecbbBCRtzDz,IFCBEAM,Roof,,,Unmapped,The bill prices no beam concrete -- there is no beam item in any section. This is scope the model contains and the estimate never priced.,0.0
2UD3D7uxP8kecbbBCRtzE0,IFCBEAM,,,,Unmapped,The bill prices no beam concrete -- there is no beam item in any section. This is scope the model contains and the estimate never priced.,0.0
2UD3D7uxP8kecbbBCRtzE1,IFCBEAM,,,,Unmapped,The bill prices no beam concrete -- there is no beam item in any section. This is scope the model contains and the estimate never priced.,0.0
2UD3D7uxP8kecbbBCRtzEE,IFCBEAM,,,,Unmapped,The bill prices no beam concrete -- there is no beam item in any section. This is scope the model contains and the estimate never priced.,0.0
2UD3D7uxP8kecbbBCRtzEK,IFCBEAM,,,,Unmapped,The bill prices no beam concrete -- there is no beam item in any section. This is scope the model contains and the estimate never priced.,0.0
2UD3D7uxP8kecbbBCRtzEM,IFCBEAM,,,,Unmapped,The bill prices no beam concrete -- there is no beam item in any section. This is scope the model contains and the estimate never priced.,0.0
2UD3D7uxP8kecbbBCRtzEN,IFCBEAM,,,,Unmapped,The bill prices no beam concrete -- there is no beam item in any section. This is scope the model contains and the estimate never priced.,0.0
2UD3D7uxP8kecbbBCRtzEO,IFCBEAM,,,,Unmapped,The bill prices no beam concrete -- there is no beam item in any section. This is scope the model contains and the estimate never priced.,0.0
2UD3D7uxP8kecbbBCRtzEP,IFCBEAM,03 - Floor,,,Unmapped,The bill prices no beam concrete -- there is no beam item in any section. This is scope the model contains and the estimate never priced.,0.0
2UD3D7uxP8kecbbBCRtzEQ,IFCBEAM,,,,Unmapped,The bill prices no beam concrete -- there is no beam item in any section. This is scope the model contains and the estimate never priced.,0.0
2UD3D7uxP8kecbbBCRtzER,IFCBEAM,,,,Unmapped,The bill prices no beam concrete -- there is no beam item in any section. This is scope the model contains and the estimate never priced.,0.0
2UD3D7uxP8kecbbBCRtzEW,IFCBEAM,03 - Floor,,,Unmapped,The bill prices no beam concrete -- there is no beam item in any section. This is scope the model contains and the estimate never priced.,0.0
2UD3D7uxP8kecbbBCRtzEY,IFCBEAM,03 - Floor,,,Unmapped,The bill prices no beam concrete -- there is no beam item in any section. This is scope the model contains and the estimate never priced.,0.0
2UD3D7uxP8kecbbBCRtzEZ,IFCBEAM,03 - Floor,,,Unmapped,The bill prices no beam concrete -- there is no beam item in any section. This is scope the model contains and the estimate never priced.,0.0
2UD3D7uxP8kecbbBCRtzEa,IFCBEAM,03 - Floor,,,Unmapped,The bill prices no beam concrete -- there is no beam item in any section. This is scope the model contains and the estimate never priced.,0.0
2UD3D7uxP8kecbbBCRtzEb,IFCBEAM,03 - Floor,,,Unmapped,The bill prices no beam concrete -- there is no beam item in any section. This is scope the model contains and the estimate never priced.,0.0
2UD3D7uxP8kecbbBCRtzEc,IFCBEAM,03 - Floor,,,Unmapped,The bill prices no beam concrete -- there is no beam item in any section. This is scope the model contains and the estimate never priced.,0.0
2UD3D7uxP8kecbbBCRtzEd,IFCBEAM,03 - Floor,,,Unmapped,The bill prices no beam concrete -- there is no beam item in any section. This is scope the model contains and the estimate never priced.,0.0
2UD3D7uxP8kecbbBCRtzEl,IFCSLAB,03 - Floor,2,2.06,Concrete,"Suspended slab concrete, priced per m3 of slab.",0.9
2UD3D7uxP8kecbbBCRtzEl,IFCSLAB,03 - Floor,2,2.11,Formwork,Slab soffit formwork is implied by the slab it forms.,0.9
2UD3D7uxP8kecbbBCRtzEv,IFCCOLUMN,02 - Floor,2,2.04,Concrete,"Column concrete, priced per m3 of column.",0.9
2UD3D7uxP8kecbbBCRtzEv,IFCCOLUMN,02 - Floor,2,2.09,Formwork,Column formwork is implied by the column it forms.,0.9
2UD3D7uxP8kecbbBCRtzFv,IFCCOLUMN,03 - Floor,2,2.04,Concrete,"Column concrete, priced per m3 of column.",0.9
2UD3D7uxP8kecbbBCRtzFv,IFCCOLUMN,03 - Floor,2,2.09,Formwork,Column formwork is implied by the column it forms.,0.9
2s$U3rTsz2Ag8ZA65PVR0K,IFCBEAM,02 - Floor,,,Unmapped,The bill prices no beam concrete -- there is no beam item in any section. This is scope the model contains and the estimate never priced.,0.0
2s$U3rTsz2Ag8ZA65PVR10,IFCBEAM,02 - Floor,,,Unmapped,The bill prices no beam concrete -- there is no beam item in any section. This is scope the model contains and the estimate never priced.,0.0
2s$U3rTsz2Ag8ZA65PVR1z,IFCBEAM,02 - Floor,,,Unmapped,The bill prices no beam concrete -- there is no beam item in any section. This is scope the model contains and the estimate never priced.,0.0
2s$U3rTsz2Ag8ZA65PVR2L,IFCBEAM,02 - Floor,,,Unmapped,The bill prices no beam concrete -- there is no beam item in any section. This is scope the model contains and the estimate never priced.,0.0
2s$U3rTsz2Ag8ZA65PVR2v,IFCBEAM,02 - Floor,,,Unmapped,The bill prices no beam concrete -- there is no beam item in any section. This is scope the model contains and the estimate never priced.,0.0
2s$U3rTsz2Ag8ZA65PVR35,IFCBEAM,02 - Floor,,,Unmapped,The bill prices no beam concrete -- there is no beam item in any section. This is scope the model contains and the estimate never priced.,0.0
2s$U3rTsz2Ag8ZA65PVR3p,IFCBEAM,02 - Floor,,,Unmapped,The bill prices no beam concrete -- there is no beam item in any section. This is scope the model contains and the estimate never priced.,0.0
2s$U3rTsz2Ag8ZA65PVR4O,IFCBEAM,02 - Floor,,,Unmapped,The bill prices no beam concrete -- there is no beam item in any section. This is scope the model contains and the estimate never priced.,0.0
3Cq0759frBlvbPwD18w2Gb,IFCWALL,01 - Entry Level,2,2.05,Concrete,"Structural wall concrete, priced per m3 of wall.",0.9
3Cq0759frBlvbPwD18w2Gb,IFCWALL,01 - Entry Level,2,2.10,Formwork,Wall formwork is implied by the wall it forms.,0.9
3Cq0759frBlvbPwD18w2KL,IFCWALL,01 - Entry Level,2,2.05,Concrete,"Structural wall concrete, priced per m3 of wall.",0.9
3Cq0759frBlvbPwD18w2KL,IFCWALL,01 - Entry Level,2,2.10,Formwork,Wall formwork is implied by the wall it forms.,0.9
3KQkoT3ZD758EdANtsCis0,IFCMEMBER,,,,Unmapped,No item in this bill covers this element class.,0.0
3KQkoT3ZD758EdANtsCis1,IFCMEMBER,,,,Unmapped,No item in this bill covers this element class.,0.0
3KQkoT3ZD758EdANtsCis2,IFCMEMBER,,,,Unmapped,No item in this bill covers this element class.,0.0
3KQkoT3ZD758EdANtsCis3,IFCMEMBER,,,,Unmapped,No item in this bill covers this element class.,0.0
3KQkoT3ZD758EdANtsCis4,IFCMEMBER,,,,Unmapped,No item in this bill covers this element class.,0.0
3KQkoT3ZD758EdANtsCis5,IFCMEMBER,,,,Unmapped,No item in this bill covers this element class.,0.0
3KQkoT3ZD758EdANtsCis6,IFCMEMBER,,,,Unmapped,No item in this bill covers this element class.,0.0
3KQkoT3ZD758EdANtsCis7,IFCMEMBER,,,,Unmapped,No item in this bill covers this element class.,0.0
3KQkoT3ZD758EdANtsCisO,IFCMEMBER,,,,Unmapped,No item in this bill covers this element class.,0.0
3KQkoT3ZD758EdANtsCisP,IFCBEAM,,,,Unmapped,The bill prices no beam concrete -- there is no beam item in any section. This is scope the model contains and the estimate never priced.,0.0
3KQkoT3ZD758EdANtsCisQ,IFCMEMBER,,,,Unmapped,No item in this bill covers this element class.,0.0
3KQkoT3ZD758EdANtsCisR,IFCMEMBER,,,,Unmapped,No item in this bill covers this element class.,0.0
3KQkoT3ZD758EdANtsCisU,IFCBEAM,,,,Unmapped,The bill prices no beam concrete -- there is no beam item in any section. This is scope the model contains and the estimate never priced.,0.0
3ZVQPR_Y151Qy8mK$b1cVo,IFCREINFORCINGBAR,01 - Entry Level,2,2.14,Rebar,"Bar sits above ground, so it is taken as suspended-slab reinforcement. The model carries no bar-to-host relationship to confirm it.",0.6
3ZVQPR_Y151Qy8mK3b1cVo,IFCREINFORCINGBAR,01 - Entry Level,2,2.14,Rebar,"Bar sits above ground, so it is taken as suspended-slab reinforcement. The model carries no bar-to-host relationship to confirm it.",0.6
3ZVQPR_Y151Qy8mK7b1cVo,IFCREINFORCINGBAR,01 - Entry Level,2,2.14,Rebar,"Bar sits above ground, so it is taken as suspended-slab reinforcement. The model carries no bar-to-host relationship to confirm it.",0.6
3ZVQPR_Y151Qy8mKBb1cVo,IFCREINFORCINGBAR,01 - Entry Level,2,2.14,Rebar,"Bar sits above ground, so it is taken as suspended-slab reinforcement. The model carries no bar-to-host relationship to confirm it.",0.6
3ZVQPR_Y151Qy8mKFb1cVo,IFCREINFORCINGBAR,01 - Entry Level,2,2.14,Rebar,"Bar sits above ground, so it is taken as suspended-slab reinforcement. The model carries no bar-to-host relationship to confirm it.",0.6
3ZVQPR_Y151Qy8mKJb1cVo,IFCREINFORCINGBAR,01 - Entry Level,2,2.14,Rebar,"Bar sits above ground, so it is taken as suspended-slab reinforcement. The model carries no bar-to-host relationship to confirm it.",0.6
3ZVQPR_Y151Qy8mKNb1cVo,IFCREINFORCINGBAR,01 - Entry Level,2,2.14,Rebar,"Bar sits above ground, so it is taken as suspended-slab reinforcement. The model carries no bar-to-host relationship to confirm it.",0.6
3ZVQPR_Y151Qy8mKRb1cVo,IFCREINFORCINGBAR,01 - Entry Level,2,2.14,Rebar,"Bar sits above ground, so it is taken as suspended-slab reinforcement. The model carries no bar-to-host relationship to confirm it.",0.6
3ZVQPR_Y151Qy8mKVb1cVo,IFCREINFORCINGBAR,01 - Entry Level,2,2.14,Rebar,"Bar sits above ground, so it is taken as suspended-slab reinforcement. The model carries no bar-to-host relationship to confirm it.",0.6
3ZVQPR_Y151Qy8mKZb1cVo,IFCREINFORCINGBAR,01 - Entry Level,2,2.14,Rebar,"Bar sits above ground, so it is taken as suspended-slab reinforcement. The model carries no bar-to-host relationship to confirm it.",0.6
3ZVQPR_Y151Qy8mKdb1cVo,IFCREINFORCINGBAR,01 - Entry Level,2,2.14,Rebar,"Bar sits above ground, so it is taken as suspended-slab reinforcement. The model carries no bar-to-host relationship to confirm it.",0.6
3ZVQPR_Y151Qy8mKhb1cVo,IFCREINFORCINGBAR,01 - Entry Level,2,2.14,Rebar,"Bar sits above ground, so it is taken as suspended-slab reinforcement. The model carries no bar-to-host relationship to confirm it.",0.6
3ZVQPR_Y151Qy8mKlb1cVo,IFCREINFORCINGBAR,01 - Entry Level,2,2.14,Rebar,"Bar sits above ground, so it is taken as suspended-slab reinforcement. The model carries no bar-to-host relationship to confirm it.",0.6
3ZVQPR_Y151Qy8mKpb1cVo,IFCREINFORCINGBAR,01 - Entry Level,2,2.14,Rebar,"Bar sits above ground, so it is taken as suspended-slab reinforcement. The model carries no bar-to-host relationship to confirm it.",0.6
3ZVQPR_Y151Qy8mKtb1cVo,IFCREINFORCINGBAR,01 - Entry Level,2,2.14,Rebar,"Bar sits above ground, so it is taken as suspended-slab reinforcement. The model carries no bar-to-host relationship to confirm it.",0.6
3ZVQPR_Y151Qy8mKxb1cVo,IFCREINFORCINGBAR,01 - Entry Level,2,2.14,Rebar,"Bar sits above ground, so it is taken as suspended-slab reinforcement. The model carries no bar-to-host relationship to confirm it.",0.6
3ZVQPR_Y151Qy8mL$b1cVo,IFCREINFORCINGBAR,01 - Entry Level,2,2.14,Rebar,"Bar sits above ground, so it is taken as suspended-slab reinforcement. The model carries no bar-to-host relationship to confirm it.",0.6
3ZVQPR_Y151Qy8mLJb1cVo,IFCREINFORCINGBAR,01 - Entry Level,2,2.14,Rebar,"Bar sits above ground, so it is taken as suspended-slab reinforcement. The model carries no bar-to-host relationship to confirm it.",0.6
3ZVQPR_Y151Qy8mLRb1cVo,IFCREINFORCINGBAR,01 - Entry Level,2,2.14,Rebar,"Bar sits above ground, so it is taken as suspended-slab reinforcement. The model carries no bar-to-host relationship to confirm it.",0.6
3ZVQPR_Y151Qy8mLVb1cVo,IFCREINFORCINGBAR,01 - Entry Level,2,2.14,Rebar,"Bar sits above ground, so it is taken as suspended-slab reinforcement. The model carries no bar-to-host relationship to confirm it.",0.6
3ZVQPR_Y151Qy8mLZb1cVo,IFCREINFORCINGBAR,01 - Entry Level,2,2.14,Rebar,"Bar sits above ground, so it is taken as suspended-slab reinforcement. The model carries no bar-to-host relationship to confirm it.",0.6
3ZVQPR_Y151Qy8mLdb1cVo,IFCREINFORCINGBAR,01 - Entry Level,2,2.14,Rebar,"Bar sits above ground, so it is taken as suspended-slab reinforcement. The model carries no bar-to-host relationship to confirm it.",0.6
3ZVQPR_Y151Qy8mLhb1cVo,IFCREINFORCINGBAR,01 - Entry Level,2,2.14,Rebar,"Bar sits above ground, so it is taken as suspended-slab reinforcement. The model carries no bar-to-host relationship to confirm it.",0.6
3ZVQPR_Y151Qy8mLlb1cVo,IFCREINFORCINGBAR,01 - Entry Level,2,2.14,Rebar,"Bar sits above ground, so it is taken as suspended-slab reinforcement. The model carries no bar-to-host relationship to confirm it.",0.6
3ZVQPR_Y151Qy8mLpb1cVo,IFCREINFORCINGBAR,01 - Entry Level,2,2.14,Rebar,"Bar sits above ground, so it is taken as suspended-slab reinforcement. The model carries no bar-to-host relationship to confirm it.",0.6
3ZVQPR_Y151Qy8mLtb1cVo,IFCREINFORCINGBAR,01 - Entry Level,2,2.14,Rebar,"Bar sits above ground, so it is taken as suspended-slab reinforcement. The model carries no bar-to-host relationship to confirm it.",0.6
3ZVQPR_Y151Qy8mLxb1cVo,IFCREINFORCINGBAR,01 - Entry Level,2,2.14,Rebar,"Bar sits above ground, so it is taken as suspended-slab reinforcement. The model carries no bar-to-host relationship to confirm it.",0.6
3ZVQPR_Y151Qy8mM3b1cVo,IFCREINFORCINGBAR,01 - Entry Level,2,2.14,Rebar,"Bar sits above ground, so it is taken as suspended-slab reinforcement. The model carries no bar-to-host relationship to confirm it.",0.6
3ZVQPR_Y151Qy8mM7b1cVo,IFCREINFORCINGBAR,01 - Entry Level,2,2.14,Rebar,"Bar sits above ground, so it is taken as suspended-slab reinforcement. The model carries no bar-to-host relationship to confirm it.",0.6
3ZVQPR_Y151Qy8mMBb1cVo,IFCREINFORCINGBAR,01 - Entry Level,2,2.14,Rebar,"Bar sits above ground, so it is taken as suspended-slab reinforcement. The model carries no bar-to-host relationship to confirm it.",0.6
3ZVQPR_Y151Qy8mMFb1cVo,IFCREINFORCINGBAR,01 - Entry Level,2,2.14,Rebar,"Bar sits above ground, so it is taken as suspended-slab reinforcement. The model carries no bar-to-host relationship to confirm it.",0.6
3ZVQPR_Y151Qy8mMJb1cVo,IFCREINFORCINGBAR,01 - Entry Level,2,2.14,Rebar,"Bar sits above ground, so it is taken as suspended-slab reinforcement. The model carries no bar-to-host relationship to confirm it.",0.6
3ZVQPR_Y151Qy8mMNb1cVo,IFCREINFORCINGBAR,01 - Entry Level,2,2.14,Rebar,"Bar sits above ground, so it is taken as suspended-slab reinforcement. The model carries no bar-to-host relationship to confirm it.",0.6
3ZVQPR_Y151Qy8mMRb1cVo,IFCREINFORCINGBAR,01 - Entry Level,2,2.14,Rebar,"Bar sits above ground, so it is taken as suspended-slab reinforcement. The model carries no bar-to-host relationship to confirm it.",0.6
3ZVQPR_Y151Qy8mMVb1cVo,IFCREINFORCINGBAR,01 - Entry Level,2,2.14,Rebar,"Bar sits above ground, so it is taken as suspended-slab reinforcement. The model carries no bar-to-host relationship to confirm it.",0.6
3ZVQPR_Y151Qy8mMZb1cVo,IFCREINFORCINGBAR,01 - Entry Level,2,2.14,Rebar,"Bar sits above ground, so it is taken as suspended-slab reinforcement. The model carries no bar-to-host relationship to confirm it.",0.6
3ZVQPR_Y151Qy8mMdb1cVo,IFCREINFORCINGBAR,01 - Entry Level,2,2.14,Rebar,"Bar sits above ground, so it is taken as suspended-slab reinforcement. The model carries no bar-to-host relationship to confirm it.",0.6
3ZVQPR_Y151Qy8mN$b1cVo,IFCREINFORCINGBAR,01 - Entry Level,2,2.14,Rebar,"Bar sits above ground, so it is taken as suspended-slab reinforcement. The model carries no bar-to-host relationship to confirm it.",0.6
3ZVQPR_Y151Qy8mN3b1cVo,IFCREINFORCINGBAR,01 - Entry Level,2,2.14,Rebar,"Bar sits above ground, so it is taken as suspended-slab reinforcement. The model carries no bar-to-host relationship to confirm it.",0.6
3ZVQPR_Y151Qy8mN7b1cVo,IFCREINFORCINGBAR,01 - Entry Level,2,2.14,Rebar,"Bar sits above ground, so it is taken as suspended-slab reinforcement. The model carries no bar-to-host relationship to confirm it.",0.6
3ZVQPR_Y151Qy8mNBb1cVo,IFCREINFORCINGBAR,01 - Entry Level,2,2.14,Rebar,"Bar sits above ground, so it is taken as suspended-slab reinforcement. The model carries no bar-to-host relationship to confirm it.",0.6
3ZVQPR_Y151Qy8mNFb1cVo,IFCREINFORCINGBAR,01 - Entry Level,2,2.14,Rebar,"Bar sits above ground, so it is taken as suspended-slab reinforcement. The model carries no bar-to-host relationship to confirm it.",0.6
3ZVQPR_Y151Qy8mNJb1cVo,IFCREINFORCINGBAR,01 - Entry Level,2,2.14,Rebar,"Bar sits above ground, so it is taken as suspended-slab reinforcement. The model carries no bar-to-host relationship to confirm it.",0.6
3ZVQPR_Y151Qy8mNNb1cVo,IFCREINFORCINGBAR,01 - Entry Level,2,2.14,Rebar,"Bar sits above ground, so it is taken as suspended-slab reinforcement. The model carries no bar-to-host relationship to confirm it.",0.6
3ZVQPR_Y151Qy8mNRb1cVo,IFCREINFORCINGBAR,01 - Entry Level,2,2.14,Rebar,"Bar sits above ground, so it is taken as suspended-slab reinforcement. The model carries no bar-to-host relationship to confirm it.",0.6
3ZVQPR_Y151Qy8mNVb1cVo,IFCREINFORCINGBAR,01 - Entry Level,2,2.14,Rebar,"Bar sits above ground, so it is taken as suspended-slab reinforcement. The model carries no bar-to-host relationship to confirm it.",0.6
3ZVQPR_Y151Qy8mNZb1cVo,IFCREINFORCINGBAR,01 - Entry Level,2,2.14,Rebar,"Bar sits above ground, so it is taken as suspended-slab reinforcement. The model carries no bar-to-host relationship to confirm it.",0.6
3ZVQPR_Y151Qy8mNdb1cVo,IFCREINFORCINGBAR,01 - Entry Level,2,2.14,Rebar,"Bar sits above ground, so it is taken as suspended-slab reinforcement. The model carries no bar-to-host relationship to confirm it.",0.6
3ZVQPR_Y151Qy8mNhb1cVo,IFCREINFORCINGBAR,01 - Entry Level,2,2.14,Rebar,"Bar sits above ground, so it is taken as suspended-slab reinforcement. The model carries no bar-to-host relationship to confirm it.",0.6
3ZVQPR_Y151Qy8mNlb1cVo,IFCREINFORCINGBAR,01 - Entry Level,2,2.14,Rebar,"Bar sits above ground, so it is taken as suspended-slab reinforcement. The model carries no bar-to-host relationship to confirm it.",0.6
3ZVQPR_Y151Qy8mNpb1cVo,IFCREINFORCINGBAR,01 - Entry Level,2,2.14,Rebar,"Bar sits above ground, so it is taken as suspended-slab reinforcement. The model carries no bar-to-host relationship to confirm it.",0.6
3ZVQPR_Y151Qy8mNtb1cVo,IFCREINFORCINGBAR,01 - Entry Level,2,2.14,Rebar,"Bar sits above ground, so it is taken as suspended-slab reinforcement. The model carries no bar-to-host relationship to confirm it.",0.6
3ZVQPR_Y151Qy8mNxb1cVo,IFCREINFORCINGBAR,01 - Entry Level,2,2.14,Rebar,"Bar sits above ground, so it is taken as suspended-slab reinforcement. The model carries no bar-to-host relationship to confirm it.",0.6
3ncfYI2mDClQGVfW3fyyPJ,IFCPLATE,01 - Entry Level,,,Unmapped,No item in this bill covers this element class.,0.0
3ncfYI2mDClQGVfW3fyyR8,IFCPLATE,01 - Entry Level,,,Unmapped,No item in this bill covers this element class.,0.0
